﻿快手ID,昵称,性别,简介,城市
MF962464--,魔方-单纯的喜欢,男,"三阶魔方入门玩法
http://list.youku.com/albumlist/show?id=23496296&ascending=1&page=1
菲神浅谈最好魔方 https://v.qq.com/x/page/h0327eijd91.html?ptag=2_5.7.0.12515_copy     
世界魔坛官方比赛十大经典pop
http://v.youku.com/v_show/id_XOTM2NDM5OTE2.html",甘肃 天水市
D755880905,^O^超^O^逸^O^,女,微信452538796,甘肃 天水市
,（☞无话可说☜）,男,"QQ         3470005851



多多关照",甘肃 临夏回族自治州
,烨紫姐,女,路在自己脚下，没有人可以决定你前进的方向。V💕13884104626（同步微信哦😊）,甘肃 庆阳市
peixihong,天水 大喜哥,男,感谢快手官方 VX: 1016431712,甘肃 天水市
DY1034049147,大颜呐✌,女,"别让生活蹂躏了你的眉目和深情🖤

👗👔 dayanmeiyi001",甘肃 庆阳市
xiaomage1834,铆工放样,男,"感谢快手平台
喜欢交流手工放样
微信电话通用
     18193012935
     
1钢结构制作安装
2铆工展开下料
3人字梁拱棚梁计算
4楼梯踏步扶手计算",甘肃 嘉峪关市
my00750075,清淡♞,女,爱的时候别保留 离开的时候别挽留,甘肃 兰州市
ey4dj2746,暖风3908,男,感谢快手官方给我这个机会，能再次发表自己的作品，一起能让人大家一起来在我的直播间里抢红包，再次感谢快手官方对的支持,甘肃 定西市
mh15293931235,甘肃乌鸦哥,男,感谢官方网站给我乌鸦哥这么一个平台，同时也感谢关注我的朋友，让我们在这茫茫人海之中相遇！,甘肃 陇南市
,人非圣贤885,女,简单记录生活随拍，谢谢各位亲的关注。,甘肃 平凉市
ql885858,【甘肃阿龙】刀,男,"来自中国最大的村庄、（农村）
也许路途很遥远，也许这条路很危险，但是我眼中的风景，是你想不到的耀眼。
2018努力奋斗，争取拿到我想要的！
感谢快手这个平台，能让我和来自五湖四海的兄弟姐妹认识！
V❤️；13771677024",甘肃 白银市
zuitong1989,二杆子✅（禄）,男,"形象无关大局
外表只是雷同
拒绝馈赠  感谢支持
家在甘肃定西
人在通渭榜罗",甘肃 定西市
WJL8888899,怪我咯！713,男,"君临天下——
不经意的一个眼神，带出那种似曾相识的感觉，心痛的弦早已翻江倒海。",甘肃 兰州市
zlj5201314qys,娟姐爱教学,女,"感谢快手官方的每一次热门❤️
传递正能量
感谢所有人❤️
感恩遇见❤️
V：qys❤️955❤️520",甘肃 白银市
,海阔天空83070,男,官方快手给了我平台，对网友们不相识到相识，让陌生得不在陌生，让不熟悉得变得更加熟悉，从此以后永远是朋友。,甘肃 兰州市
l50066838,歌手龙江辉《祈求》,男,"龙江辉音乐作品
《该忘就忘了吧》制作中 《祈求》制作中
《真男人》《我错了》《大美陇南》
《放不下的爱》

真心的谢谢每一位关注的好朋友们！
谢谢大家让我可以在平凡的世界发现我自己！
熟谷总弯腰，智者常温和。行走人世间，低调没有错。
热爱音乐，记录生活，做自己，用心唱好每一首歌
个人歌曲U盘或演出➕V:18193923583",甘肃 陇南市
wave7896,知情🌺小仙女,女,"感谢快手官方给予的绿色平台🌺
我的爱情宣言是:三观不合的人是不能在一起的🌺
我的人生宣言是:尽最大的努力做最喜欢的事🌺

超级宠粉的一个小姐姐",甘肃 平凉市
HJ1114321,ㄨ℉魇嵬惡魇℅,男,人总是会犯错？？？,甘肃 定西市
GW1823286995,摩旅中国🇨🇳,男,天天上热门,甘肃
,💕六六姐✨,女,"💋有些事情不是看到了希望才去坚持
💋而是坚持了才看到希望
💕宝宝破壳日🐣阳历2018  9.7     阴历2018   7.28
👗微信      18119303513",甘肃 兰州市
wuweijiepai,武威街拍,男,"武威街拍——发现，记录，传播！
发现每一个个性鲜明的武威人
记录每一个稍纵即逝的一瞬间
传播大武威文明之城的正能量
约拍请联系：15209351566（薇同号）",甘肃 武威市
S14793356962,岷州小木工,男,"感谢快手官方的一直支持
本人不做任何设计。室内装修只接岷县附近
V 1号:15346926627
V2 号 s72662964351
效果图一共139000张里面包含了酒柜橱柜衣柜鞋柜电脑桌书桌塌塌米电视背景墙异形吊顶12本原书等
电子版效果图收费￥  52   了解好了在加 
备注来意 不需要都不要加微信我很忙的
我不需要任何工具  也不跟任何人合作
微商不要加",甘肃 定西市
,甘肃阿红妹,女,"💋️感谢快手官方给我们一个这么好的平台💋️
     
我是一个甘肃大山里的孩子，没有什么才艺。但我真心对待我身边的每一个人，
 

很感谢缘分能让我们相识在网络。感谢你们的支持和关注，


☘️☘️☘️☘️直播时间不定。有时间就直播。☘️☘️☘️",甘肃 张掖市
,一切随缘20911,女,💝,甘肃 陇南市
,舞剑啸长空（霸者风范）,男,本人喜欢唱歌，看萌萌联播，还喜欢养鸟。,甘肃 武威市
j93118123,永不止步^,男,"🏅爱跳舞的倔老头~杨大爷快手号ID496157680  
1⃣喜欢曳步舞💃喜欢音乐🎶喜欢简单与人相处，不掺杂任何形式的利益和目的，做个快乐的人。
2⃣珍惜和您的每一次相遇，感谢您的陪伴与支持。
             
                🎆2⃣0⃣1⃣9⃣我们更好🎆",甘肃 兰州市
LHD999888666222,Li Hung Bean,男,千万别以为你是谁的谁，当社会关系土崩瓦解，谁也不是谁的谁……,甘肃 兰州市
MYF74520----,酷似你杰🍃,男,"不该说的别说，不该爱的别爱

🍀🍀🍀
🍂🍂🍂
🐯🐯🐯
😁😁
3253294500",甘肃 白银市
wwww222266,꧁༺心悦༻꧂グ,男,QQ:2377905247,甘肃 临夏回族自治州
QM2745618347,藍顏এ✨,男,努力不一定成功，但放弃一定失败✨✨,甘肃 兰州市
,囸茬瀭入,男,努力成为自己心目中的那个样子，为梦想奋斗不息！！！,甘肃 武威市
h848488484,见见8—4,男,。。,甘肃 临夏回族自治州
,强哥☞8122,男,感谢快手这个平台让我们相遇。,甘肃 天水市
,我是正净人,男,人生有太多的遇见，擦肩而过是一种遇见。刻骨铭心是一种遇见。有很多时候，看见的，看不见了。记住的，遗忘了。无论在对的时间遇见错的人。还是在错的时间遇见对的人，对于心灵。都是一次历练。,甘肃 兰州市
,小小小…宝宝哥,男,一个普通的人，只需平静的生活,甘肃 临夏回族自治州
,平谈711,男,大家好！感谢快手平台我认识了好多朋友，我是一个秦腔爱好者，喜爱音乐，更加喜爱秦腔。我也不太怎么直播，有直播时请老铁进来听戏和交流。,甘肃 天水市
,四季情513。，郭,男,电话号吗13830209535,甘肃 定西市
,刘82132,男,我是一个五年的仲瘤病人，己经做个三次手朮了，在今年的二月十六日又做了粒子.什么都干不了，現在每天在家休养，确实无聊，在无.意中发现了块手这个平台，给我带来了快乐，心凡的时候打开看看，心情就好多了，希望老铁门多多支持，感谢关方。,甘肃 陇南市
,梁家平煤厂18189328848,男,本人常年经销各种大中小块煤，各种原煤，有意着联系18189328848,甘肃 定西市
cxzxy2592,Seven7.佐佐,男,"꯭꯭团꯭队꯭：꯭S꯭e꯭v꯭e꯭n꯭
꯭꯭目꯭标꯭5꯭0꯭0꯭0꯭",甘肃 天水市
huhaoliang7415,🍃妄念🍃，,男,~o(〃'▽'〃)o,甘肃 天水市
lh1202093834,あ饕餮い,女,"你说



归零

是不是会更好？",甘肃 酒泉市
,小乐豆^_^,女,感谢关注,甘肃 定西市
,醉相思3127,男,谢谢大家,甘肃 武威市
mxq888-666,聚德薇薇,女,，，，，，,甘肃 白银市
,暖心~~~~,女,希望我宝贝，快快乐乐的长大,甘肃 庆阳市
kmc74587458,[鬼家军 ☞骚野],男,"感谢快手官方










干掉过比你更野的狼
更何况你这只狗








现在的我只想给你们双击  
自己不想发快手",甘肃 兰州市
,女人如花花似梦3214,女,不喊累，不说苦，不高攀，不嫉妒，做简单又平凡的自己？,甘肃 天水市
c3078057438,陈倾安   心系老易,女,"♡幼稚园永远的扛霸子 s(・‘ヘ´・;)ゞ  

♡立场千玺 ♡  

♡QQ：3078057438 ♡

♡立场简单  我的别碰 ♡",甘肃 平凉市
,蓝天相伴832,女,单身自由自在飞,甘肃 酒泉市
,爱之花雨,女,累了就睡觉，醒了就微笑，生活简单就好。,甘肃 兰州市
,为你开播而来,男,为你而来~！,甘肃 定西市
,气质笵er,女,我可不好惹哦,甘肃 定西市
hq122888888,韩强~强哥,男,感谢快手官方提供的绿色平台，让我认识了许多朋友！,甘肃 天水市
,贝贝乖啦🍒,女,善良，热心。,甘肃 庆阳市
,废，柴,男,期待上了床就能入睡的夜晚，         却活在了睡尼玛比起来嗨的年代。,甘肃 陇南市
WY1515145292,一颗懵懵懂懂的心,女,"❤感谢快手官方平台
❤让我们在这里相遇相知
❤很高兴每天能在这里和大家一起分享我所发的每个作品，真心希望大家喜欢和支持！🙏🙏🙏🙏🙏🙏",甘肃 酒泉市
yilushunfeng1030,梦琪💞baby,女,"V♥344136371
吹牛是成就不了任何事的。",甘肃 武威市
,心❤也淡淡,女,舒服就靠近，累了就远离。跟谁一起舒服就跟谁在一起😝现在谁在你身边就对谁好一点❤你喜欢那我就试着喜欢你多一点💏,甘肃 武威市
ghbaxsy1314,꧁单眼皮的鱼꧂,女,捣蛋大师！！！,甘肃 兰州市
,陳殇,女,也许每个人心里都有一段悲伤，要么用心遗忘，要么全力生长。,甘肃 庆阳市
LOVE751382078,喜欢素颜的我 520,女,大家好，我是甘肃天水人，宝妈，感谢快手平台，认识了这么多好朋友，。,甘肃 天水市
,久顺鞋城，做啄木鸟牌子,女,原老城坡久顺鞋城搬至菜市场南方家居往南走50米，优惠多多，欢迎大家。联系电话：18093482823,甘肃 庆阳市
H13146029,余生无你m,女,"有些人，，没必要记得，，从心里斩草除根就行了，，

     余生不悲不喜，，不吵不闹，，，安安静静的与你再无交集！",甘肃 临夏回族自治州
weiyi239612678,曾经￡锝倪,女,往后余生我们想要的都会实现……,甘肃 兰州市
lyn20010419,梁小强💋,女,别老是埋怨上天对你不公平  其实他对每个人否认公平的  只是取决于你努力了没有,甘肃 庆阳市
,财商～平哥,男,感谢快手平台，让我把十几年的用信用卡经验分享给大家。家人们可以互相交流，共同走出新的天地。,甘肃 金昌市
TL1212121,天龙不是艺名🤒,男,"👉人生何处不相逢👈
天龙未婚
👉爱好:健身爬山，跑步，看电影，古诗，奇石，好奇算不😜，徒步，听歌，吃肉😍😍😍旅游看更多的风景了解更多的事……

人生也就几十年，时间是个贼🤒
👉你若识得～我便是那有趣的灵魂👻👻👻

每天六点半开始晨练健身💪点关注不迷路😉
当过两年兵，钢厂割过半年钢板，卖过两年石雕玉器，干过五年健身教练，走过南闯过北，现在在家养群🐷😂人生苦短～ 调整好心态😜
👉拥有健康的身体，整个天下都是你的！加油👊👊👊

👉喜欢结交爱锻炼的朋友💪💪💪",甘肃 定西市
,彭姐   美好生活,女,"感谢官方给我的健康绿色平台
，一直支持快手",甘肃 白银市
yhz-xx278,deng-体育人在路上,男,只有战才能满足我欲望,甘肃 庆阳市
,与狼共舞95989,男,你可以选择和狼做朋友，但你一定不能忘了你手里的刀。,甘肃 兰州市
bao123long,一切有你%,男,感谢快手官方，希望在这里认识朋友希望大家互相帮助,甘肃 兰州市
hgg66566,萬豪✔不曾放弃,男,"感谢官方提供绿色平台

微🌟Liu5575755。企鹅🐧362850964

姓名     刘万豪  😘
   
      性别      自己瞅😜

        年龄      永远的18岁😊
    
           成熟，就是用微笑来面对一切小事我没必要委屈自己去讨好任何人、况且我也没这么伟大。",甘肃 武威市
xinleishuidong,郑神经🔥神经哥,男,"一朝被蛇咬十年怕井绳，我是一个好了伤疤记得疼的人！


谢谢所有家人的关注！！！",甘肃 平凉市
SJ1093626753,夏微凉☁,女,重新认识吧，不带任何感情的那种💫,甘肃 张掖市
WX1058713774,（XC.  队长）,男,"人生苦短，来日并不方长。珍惜眼前人，别让后悔随行。



微信:1058712774",甘肃 临夏回族自治州
,美滴很！,男,一旦拥有，我别无所求！,甘肃 平凉市
,我的梦相361,男,我是个单身汉,甘肃 庆阳市
,梅.....兰.....竹...菊...,男,本人农民,甘肃 定西市
Tkq666888,冷夜秀,男,互关  有关必回  有时间和一起打王者  我星耀三,甘肃 庆阳市
,薛朱茗轩,女,感谢快手官方绿色平台,甘肃 兰州市
wcx2935245675,落泪雨燕,女,"万般皆苦
唯有自渡",甘肃 定西市
Zj994200521,春娇与志明520,女,"陪伴是最长情的告白😘😘😘
相守是最温暖的承诺💧💧💧
思念是最温情的等待👍👍👍
衷情是最痴迷的等待😅😅😅
默契是最无声的情话😍😍😍
离开是最无奈的释怀👏👏👏
守候是最永恒的承诺🤔🤔🤔
微❤️❤️994200521😘😘😘",甘肃 兰州市
,收铁收纸,男,谁有废铁废纸请联系我18394368167,甘肃 平凉市
,命运的潮汐003,男,人生苦短，命运天注定不谢谁试试看呗😄,甘肃 陇南市
HQ13679329752,熊猫血8023,男,专业清洗各类家电：油烟机，冰箱，各类空调，壁挂炉，地暖，饮水机，太阳能热水器，电热水器，自来水管，微波炉，集成灶……等！有意者联系我！13679329752,甘肃 定西市
love201314-520,希斯☞亮仔【情感摆渡人】,男,"初来乍到快手，请多多指教!
      不算好人，一个怪人。
             感谢快手平台!
      感谢每一位粉丝关注，
   欢迎你们来投稿，
         你的故事，我的语录!

   恋爱对象:暂无

     请各位多多支持亮仔!

QQ3405400362",甘肃 天水市
M1222220,小 野兽👽,男,"铁粉大力支持👍，死粉滚远一点👎。

大美 👉广河🔥
          

        人不帅 🙇


        但很嗨！

感谢快手平台
让我过得更开心⭐⭐⭐⭐⭐",甘肃 临夏回族自治州
W3344_-----,👮王宝强,男,"寻找属于自己的那份爱


等对的那个人


WX:18294617712



进来的留个关注，谢谢🙏🙏",甘肃 陇南市
yhl5201314187,＠杨☞楊,男,"若有事加👉👉QQ☞3233248181



名楊浩龙，，:)身高175😁

家乡，☞锁南巴共和国🌴

现住☞兰州

职业☞餐饮

不管你圈子多大，给我好好说话，否则我会让你知道什么叫圈子",甘肃 兰州市
qing160608,離殤じ,男,人生就是炼狱，生活就是修行！,甘肃 天水市
,灿若繁星865,女,"我爱好独特






QQ      2797905395



讨厌一些不正常的人，哈
我就是这样呢？",甘肃 天水市
aaaa199928,king娜娜酱,女,"小时候很喜欢吃西红柿🍅
兴奋地说你要吃一辈子西红柿
后来长大了不喜欢吃了
没有理由不喜欢就是不喜欢了
你没错
西红柿也没错
错的是那自以为是的一辈子",甘肃 平凉市
lx2415697699,星{}辰,男,"能突破300吗？家人们多多支持。么么哒❤

感谢官方大大！

囍交友：

QQ2415697699(唯一)",甘肃
,雨林7253,男,喜爱书画；感谢快手平台给予我们相互学习交流的机会，结识无数新老朋友和志趣相投人，感谢大家的关注和支持！三人行，必有我；不积跬步，无以至千里。v13993279538,甘肃 定西市
TLM18740905843,™小男神™,男,"真羡慕你身边那些无关紧要的人，因为他们每天都能看到我朝思暮想的你 🍃

      

    我给你倒了杯热水，你将热水放置一旁，你惦记着其他饮料，可饮料越喝越渴，于是，你想起了那杯热水，你以为它是温的，可端起来，已经冰冷刺骨，水凉了，也埋怨不了任何人，别忘了，那杯水起初是温热暖心的，你珍惜我的同时，我会加倍对你好，如果你置之不理的话，我也会变得冰凉刺骨的，知道了吗？


没有什么委屈不委屈

  动情你就该死

时间会帮你攒够失望",甘肃 临夏回族自治州
,＠甘肃小伙儿,男,"不合适 就是穷                                     没感觉 就是丑                              一见钟情 就是好看                  深思熟虑就是钱                                  拜托！               其实，爱情和礼物都一样，不要伸手去要，想给你的自然会给你，主动给你的是爱，而伸手去要的是施舍，
                          #感谢快手我要上热门#",甘肃 陇南市
wkzj34975263,☘星羽《情感语录》,男,"🍀一个迷茫的少年《😜努力加油！》

🍀喜欢语录视频😆

🍀感谢快手官方😘

🍀喜欢的双击关注哦😜

🍀愿你出走半生，归来仍是少年😊

🍀视频制作+VX(WJXK1314258)",甘肃 定西市
glz1997528,『乖巧』不如野💋,女,"快手号：wg19971210528

Q  :2638089667


W  :wg18709460384

     
 有时候🌴一首歌🎵、一个地方🏠、一个动作🚲、一辆公交🚌
     
    
 都有一段💘刻骨铭心💗的回忆🍁。让自己不敢去回忆
             
      
   〖因为〗 👇
                       回忆🍃也无用只是🎇曾经拥有.🍀🎈",甘肃 兰州市
ZLXJNHH1012,星海♛神话,男,烦闷的时光，需要欢乐去点缀。,甘肃 兰州市
,solo✔✔狂徒,男,"愿生活不太拥挤，愿笑容不必刻意。
       



QQ2899449369",甘肃 酒泉市
,梦幻云烟820,女,原来，以前亲密无间的两个人，会连路人都不如；原来，如此关心爱护的两个人，也会彻底失去联系。,甘肃
wq2255441,人已亡泪狂飙,男,世间顶端大人物、光棍，由于太无敌而找不到“对手”孤独寂寞啊！,甘肃 陇南市
zdh273528,、野性Woman▓,女,碍我     就双击      +          关注,甘肃 甘南藏族自治州
zimei027,李清欢*,女,"揆哥的小祖宗💕

第一次做人，没什么经验，凭什么我就得让着你。

以后风生水起只为自己",甘肃 白银市
,💕［海边的约定］💕,女,............你TM算老几,甘肃 陇南市
LYJ19990628,你的女友吖❗,女,"感谢官方❤        
         
不忘初心 ❤ 方得始终
                                 03:17❤06:28
最好的爱情
大概就是遇见你
余生一直都是你
👫7月17号👫                  感谢快手官方🙏🙏🙏",甘肃 定西市
,A～秦先生🌝,男,"❤️我妈不让我跟社会人打交道……
  
         V；QinHanwei111",甘肃 兰州市
LXP888123888,甘肃小苹哥,男,虽然常年在外边奔波。心依然在甘肃老家。唱歌是对生活的热爱，对故乡的热恋，对母亲的思念。人生苦短，边走边唱,甘肃 陇南市
long2416,MC💘龙,男,"🐑感谢官方🐑                                    


心有猛虎🐯嗷嗷待哺",甘肃 兰州市
WG2913100602,噬血阁→小→泽,男,感谢快手官方提供平台。,甘肃 天水市
,男人霸气闯江湖,男,"玩快手❤
只是记录生活
❤❤❤❤❤
看看最新信息
❤❤❤❤❤",甘肃 临夏回族自治州
NSS03345,单纯旧梦ོ,女,"我的意中人是个盖世英雄，有一双犹豫的眼神、唏嘘的胡渣子、我相信总有一天他会穿着八路军军服、驾着奇瑞QQ来娶我。我猜中了开头,却猜不中这结局。。",甘肃 天水市
R8--8888,️ಡωಡ,男,这个人什么都没有,甘肃 庆阳市
Xiaoyijingyuan,益点＠小君,男,好老师，管教练，暑期辅导就去您身边的益点，益点，孩子成长更进一点的助手，父母更好教育的益友。,甘肃 白银市
ECO88888888888888888,教友641,男,这个家伙真是的，很懒啊！什么都没有留下，看来💍他是时候需要一个女朋友了,甘肃 平凉市
y5579999,葬爱♞阿波罗♛,男,生死有命，富贵在天，江湖险恶，道声，兄弟珍重。,甘肃 兰州市
mahaiyan5203344,阳光下的颖宝，,女,感谢官方，给我这个平台，让我看到了见不到是事和风景，谢谢，希望我的作品都热门，我的没一个热门的，不知足啥原因。给我个热门呗😭😂,甘肃 临夏回族自治州
,花开V倾城,男,心若向阳，就是美好的向往！,甘肃 酒泉市
yehongmei5201314,👣可爱D梅宝💝,女,"感谢快手官方给我一个绿色 平台 

唯一微微💄💄💄:17793500369💄💄🐾",甘肃 武威市
zjq88815,婉月【寐】,女,"经营水宝宝石膏娃娃摆摊批发招学员！支持有梦想的人士一起学习探讨创业经验！
 付出总是跟回报是成正比的！💚我始终坚信:努力了不一定成功，但👉不努力，就一定会失败！
阳光不会洒在每个地方，世界总会有阴暗面，我们时刻都需要做好抗衡波澜的准备！所以，女人们，不要抱侥幸心理，我们能靠的住的，只有自己！
小手工摆摊创业经验2年

1号VX💝1097225177
2号V💚18740983156",甘肃 武威市
,内伤很精致,男,好男儿心中有乾坤，胯下有骏马！烈酒有豪情！！,甘肃 兰州市
gwb18093285555,铜元5555,男,"个人爱好:各类钱币，铜元交流！
本人职业:工程咨询、监理、设计等工程服务！
微信号:gwb5555",甘肃 定西市
,火焰山718,男,需要装修的朋友请联系我，13919169189，质量保证，价格合理,甘肃 兰州市
,A.0向阳电缆,男,向阳电缆•真“芯”传递……  13519635881,甘肃 兰州市
,冰水佳人8101,男,不会玩😂,甘肃 张掖市
,东乡锅盔,男,悟空,甘肃 临夏回族自治州
lxh1073627104,🇨🇳一叶一菩提lxh,男,感谢你和我相遇快手,甘肃 定西市
,平凡的人41339,男,平凡的人自有不平凡的人生,甘肃 平凉市
yan38225,小飞侠⚡⚡,男,我就是我，不一样的烟火！,甘肃 平凉市
AOE282570000,马忆晓,男,谢谢老铁们的关注，有关必回,甘肃 临夏回族自治州
,🇨🇳🇨🇳吊车军团,男,吊车军团,甘肃 白银市
bwqcj0528,流苏0528,男,"没事，船到桥头自然直❤💘💝💜💛💚💙


走自己的路，让别人哭去吧


本人唯一QQ:2715241384",甘肃 临夏回族自治州
,像天上雄鹰一样飞翔,男,走出自己的人生，活出个样来，给自己看，不比正常人差，努力，奋斗美好的未来生活,甘肃 兰州市
,User_1526179744173,男,活的有追求～,甘肃 兰州市
,败给愚蠢,男,死我上生个ytttffvxvh,甘肃 酒泉市
,高小林80827,男,感谢快手这个平台，让我和有缘人在次相遇，我的接头暗号是/A13993250590,甘肃 定西市
XJZ20020729,Ai–Handsome,男,"4.15


我就一垃圾，都离开我吧",甘肃 天水市
,绝世缺德,男,"只管努力，其他交给天意。



互关嘻嘻，小哥哥小姐姐来了就不要走了。😉😉",甘肃 白银市
j520999x,〆﹏爸老公弄丢了,女,感谢官方给于这么好的平台(表白官方)❤                            感谢所有关注我、为我点赞的宝宝们😘                               感谢官方给的美一次热门🌴🌴🌴🌴🌴                               诚聘真诚互关的帅哥靓女哦，有关必有回的哟😊,甘肃 兰州市
H155919133,我很吊.你要怎样i12,男,世界太大，生命太短，要过得尽量像自己想要的样子才对。,甘肃 兰州市
xue999823,嘿小阿雪呀💕,女,"世界很大🌻

相遇是缘分🌻

天空很蓝🌻

心情很美🌻

原则很清楚💗

自己就是太阳👣

       来来往往
               留者不去 去者不留💕
                        感谢来过❤️
                                 么么哒🎈",甘肃 陇南市
liluping946225413,🌴冬至如初见🌹🌹,女,平意近人,甘肃 陇南市
,♡T T  『♛』,女,吴世勋,甘肃 陇南市
,虎-琪,女,"也许某天
你的大脑也会死机
然后留下第二天的一堆破事
和一个头的绷带
不过
生活总要继续
因为天大的事情
都会归于平静",甘肃 兰州市
,俗气娇 💚,女,"☄  HEART



🕷",甘肃 陇南市
,蜻蜓跟着蝴蝶飞,女,"我在一路找风景，风景也在一路找我。
我不知道天多大地多宽，只知道天盖的住我，地沉的住我。
不希望有多少人喜欢我，也不希望有多少人讨厌我",甘肃 兰州市
ABC2217700474,[奉义阁]   zhou,男,"人不为己天诛地灭🔥

不思量，不知迷🔥

QQ：2217700474🔥

谁关注我我就关注谁。


       ☀️☀️☀️☀️",甘肃 天水市
shenqi123,沈💋琦,男,"你们不懂我




       就不要说三到四


             同城交友VX：18193114082",甘肃 兰州市
gcr19971001,郭黑帅,男,"要是你们觉得我哪里做的不对，

你们一定要告诉我，

反正我不会改，

不要憋在心里憋出病来😂",甘肃 甘南藏族自治州
,轩大大    .,男,他在关注你哦,甘肃 临夏回族自治州
g18139900148,"表弟""""-PS""",男,"Photoshop 业余爱好者，渴望高手指点，也欢迎爱好者共同探讨；


V:gjh1411176817.

         ——“三人行，必有我师”",甘肃
qcw9041988920,☜闪里人☞,男,感谢快手平台💜                                                感谢对我支持😊                                                 感谢友友关注🙏,甘肃 兰州市
Bxg77777777,＠、傻小白,男,本人长期承接外墙、保温、真石漆、涂料、有专业的团队。电话13995331280,甘肃 兰州市
,东方男神啊,男,杨全部以删除！】～,甘肃 武威市
WAN11111222265,情缘封面,男,"你好陌生人



爱好王者

唯一QQ
2139518805

名字
不告诉你😂😂😂😂",甘肃 临夏回族自治州
,心为莉上锁,男,胃❤18393793172,甘肃 陇南市
,砌砖小哥，小马,男,我可以接受失败，但不接受未尝试过的放弃。【瓦工班组游击队 】，,甘肃 兰州市
,平淡生活57210,男,平凡的人生，平淡的生活。,甘肃 兰州市
cdm679900203,90 .后的忧伤,男,相互认识,甘肃 兰州市
fff971037579,不灭之鼬,男,你的失败就是我的现实,甘肃 白银市
HQP13519919335,蜕变的生命奇迹,男,记录生活记录你我,甘肃 定西市
,💑梦里只有你,男,梦里只有你。,甘肃 临夏回族自治州
,伊穆家园677,男,人骗了你，你不揭穿，这是智慧。人耍了你，你还依然容人，那是涵养。你捧人的场，人捧你的场，这是好朋友。今天说你笨，明天说你傻，这是爱你的人。经常提醒你，又肯来帮你，这是贵人，人帮你百次不记恩，半次没帮你记仇，这是小人。做人有好的心态很重要，懂得感恩才是高贵的人，不要忘了扶你一把，帮助过你的人！ 做人少一点套路，要多一份真诚！ ——不忘初心，方能始终！无论是什么人，善良永远是最尊贵的人！,甘肃 临夏回族自治州
,风的方向，云知道,男,快乐自己，快乐别人,甘肃 张掖市
byf19940613,故事撩人メ,男,"感谢快手官方，感谢分享！
WX~17397476332",甘肃 白银市
yxf1054978131,贝勒爷％$,男,爱恨随意，一切随缘,甘肃 临夏回族自治州
zhou18706977253,我爱你一世你会爱我一生吗,男,人生，总是有那么一些人，在你最在乎的时候，他不在乎；总是有那么一些事，在你用心维系的时候，它不维系；总是有那么一些东西，在你最珍惜的时候，它不珍惜；亦如总是有那么一处地方，在你最留恋的时候，它不留恋。,甘肃 陇南市
xi2302107516,喜李 .g,女,没有故事 不凑热闹.,甘肃 兰州市
,吕小忠🙏火炎焱燚,男,"感谢快手官方提供绿色平台！🙏 
让我们接触认识更多正能量的好朋友！✌",甘肃 天水市
,User_1553166966085,男,我爱垂钓,甘肃 兰州市
MXP2170401431,篮细胞~0号,男,"你你
8844
4
74

4444

4444
4",甘肃 兰州市
,memory8780,男,我是一个很开心的人！,甘肃 天水市
,神秘人09728,男,岁月不是童话，经历才是人生。,甘肃 天水市
,永登袁记串串香24小时,男,从事餐厅行业，一直很努力，为梦想奋斗一生，以静善美，正清和为人生的境界！,甘肃 兰州市
,秀儿团长,男,无法介绍,甘肃 陇南市
,泾川💑大个,男,"感谢快手官方，关注了不回关注的我会取关。


成功的道路上并不拥挤，坚持就能成功，因为成功的道路上坚持的人不多👍所以我们要努力到无能为力，拼搏到感动自己，未来的你一定会感谢现在拼命的自己。加油👍👍👍👍👍👍👍👍💪💪💪💪💪💪💪💪💪💪💪",甘肃 平凉市
ff9206211314,风吹杨柳美飘飘,女,逛街，购物，自由独来独往，爱说爱笑，爱玩，重情重义,甘肃 兰州市
,暴力引擎GP,男,甘肃天水秦安,甘肃 天水市
Wy15693181186,简简单单地爱❤️,男,Wy15693181186,甘肃 定西市
yangpengyun666,可可西里♍,男,"相约天南海北，
         共度华人世界，
+❤15293844354",甘肃 天水市
mahemai1236,山狮下山,男,岂能事事尽如人意，但求问心无愧,甘肃 临夏回族自治州
dwp68686688,鍛鎵軍💪鵬哥,男,蹦啵儿霸与霸波儿蹦，，想交四海之友！！私信，DWP9595,甘肃
,晨博奶奶891,女,人生很短，珍惜当下,甘肃 天水市
HYX5200828,对虎虎好点儿,女,"其实好多人认识我都挺后悔


用一首歌的时间来怀念你💔",甘肃 定西市
lml20011011,想要你陪我🐳.,女,"三观不同  互相尊重.
2016   5.20💕",甘肃 天水市
BXX18393521050,b_咩星贼可爱💙,女,"请记住我的名字，和我带给你的故事*



我不太识趣
我也不会改 
已有小朋友   徐先生",甘肃 兰州市
wangpeng-945,꧁꫞꯭欧꯭皇꯭꫞꧂,男,只想做好自己 不想成为别的任何人，生来为了出众 何必费力合群？,甘肃 白银市
w1987110505,浪人！烨,男,"失去比拥有更踏实


一杯酒！一根烟！一个人

每一次创伤，都是一种成熟！",甘肃 兰州市
lD890013927,一剪梅33422,男,底调做人，高调做事！,甘肃 白银市
wj3490311638,北觅呀🇨🇳,男,总有一天我会变得特别特别优秀🌚,甘肃 陇南市
jh1314gj,傲辉❗️〖盖世英雄〗,男,"都说喝酒喝到八分醉，爱人爱到七分情，可谁不是喝酒喝到吐,爱人爱到哭呢?清晨的粥只能填满胃深夜的酒却能填满心、但是清晨的粥比深夜的酒好喝,骗你的人比爱你的人会说、北上广没有眼泪江连东没有喝醉如果等不来清晨的粥那就让我们倒满深夜的酒

你主动，我们就会有故事😂",甘肃 定西市
Q166311172,$南柯遗梦-,男,"Q483518970
2019年原创:<怀念><来过><善恶>",甘肃 庆阳市
x1252221383,不快乐的👄女王,女,活到现在，拿得起放得下的只有筷子！！！,甘肃 兰州市
A1192920219,兜兜里没糖糖❣️,女,"V❤：lfklly823
企鹅：1192920219",甘肃 陇南市
MTL19930625,💋晓梦💋（护肤达人）,女,有各种皮肤问题都可以私聊我，V：mtl521rjq,甘肃 庆阳市
cnwxc1996-,宝蛋♥Militar,女,"从开始的懵懵懂懂  从绿萌萌到便服  从SD到GS  从喜欢到深爱  经历的许多  心告诉自己  要的是萌萌下的你  而不是身着萌萌的你  做好了长久的准备  也做好了随时离开  只要深爱的人过的幸福！
承载的回忆是抹不掉的记忆  执手偕老
仅仅因为彼此爱着  两个没关系的人走到了一起  这个年纪的我们  爱的人记忆唯独深刻  往后 不在有美好的遇见
余生    先生多指教    菇凉紧相随
🍀🍀🍀🍀",甘肃 天水市
c2414019951,媛 Yuan🌸,女,"很累


滥情就滥情 你是没见过我认真的时候输得有多惨

❤",甘肃 兰州市
Kss666666hh,似鬼亦似仙.এ᭄,男,这个家伙一点都不懒,甘肃 酒泉市
YMM73333,梦依依★,女,我就是我🍁霸气女人💐💐,甘肃 庆阳市
,你的爹。＠,男,"QQ《2089294281》
hello
先穿袜子后穿鞋,
先当孙子后当爷。
没毛病，双击666
。",甘肃 临夏回族自治州
lipeng930809,寂靜之聲,男,感谢快手平台……,甘肃 白银市
mazhongkai,楼兰公子1,男,甘肃省武威市凉州区，洁净一百社区家政服务公司，是一家专业从事家电清洗，地暖清洗（传统式脉冲清洗，射弹试精洗），洗衣机，冰箱，热水器，空调，太阳能清洗，甲醛检测及治理，净水器销售的多元化社区服务中心，因为专注，所以专业，打造一个健康的环境，创造一个美好的未来，洁净一百竭诚为您服务！服务电话13809351965,甘肃 武威市
m19970403,碰的太早,男,"如果可以我只要一杯清水、一片面包、一枝花、如果在奢侈些。                 我希望水是你倒的，花是你送的。
v:m13629388475",甘肃 陇南市
T1045318200,͞安͟͞稳͟,男,感谢快手官方平台！,甘肃 陇南市
mzh-666888,༺忠华༻,男,"快手是个绿色平台，，，我们要好好珍惜这个绿色平台。

感谢官方给的绿色平台

谢谢老铁们对我的支持
W，，MHZ2019",甘肃 临夏回族自治州
mjs199505,mjs小马,男,浑浑噩噩，已经二十多！,甘肃 陇南市
,雨后彩虹08658,男,感谢快手绿色平台，大家加油,甘肃 定西市
wxj258000,大甩◎,男,互相关注，而不是我自己关注，仅此而已——,甘肃 酒泉市
,蓝天飞翔0185,男,人生无处不青山，自信人生三百年，曾经学舞度芳年,甘肃 陇南市
ABCDY199198,🔥天涯浪子雄哥🔥,男,"❤千秋大业一壶茶❗✨万丈红尘一杯酒❗

❤歌舞升平总是梦❗✨平平淡淡才是真❗

❤世间总有三分苦❗✨七分坚持会成功❗

❤初心不改正当年❗✨方得始终赵建雄❗

🙏兄弟姐妹朋友们支持一下打工仔谢谢🙏",甘肃 天水市
,有梦→_→有朋友,男,喜欢的关注,甘肃 甘南藏族自治州
Zljwfzzc092513,¥八¥路¥军¥66666,男,小八路,甘肃 定西市
,鹏程7425,男,不吸烟不，不喝酒，不赌博，59岁男，农民，高中文化程度,甘肃 白银市
,☜   一撇一捺默写牵挂,男,西出阳关无故人,甘肃 陇南市
zyf18793933037,领秀一号,男,厚德载物，敬天爱人,甘肃 陇南市
,最后的莫干达人,男,慈颜难再！！！,甘肃
xyp631123,辛姐328💞💞,女,"💞 感谢快手官方平台，让我们相聚在这里❗️

💞感谢每一位不曾相识的粉丝 ❗️
❗
💞用心去学习 ❗️用心去感受 ❗️用心去生活 ❗️
💞vv ：x15294337139",甘肃 武威市
Yzy006622,甘州小旋风💋杨铁蛋,男,"💋时代印象婚礼微电影工作室💋

💋婚礼摄像   婚礼跟拍   街拍  💋

💋微电影  企业宣传片  广告片💋

💋💋💋V信    yzy940812",甘肃 张掖市
QYHX88888888,甘肃王化文,男,"备用号QYDG88888888
1988年10月13
单身
13993460696(微信同号)",甘肃 庆阳市
st87774617000,纹大小妖精,女,"感谢快手官方，
结实来自五湖四海🉐️朋友。

都是本人实拍原创
➕st87774617000",甘肃 庆阳市
YYD801314520,🔥霸道小＜东＞哥🔥,男,"我只追


求一个完美的我😃😊😊

有事加我这个😂
微信:XXX66666688888888SSS
QQ2736191536

⚡⚡⚡🔥🔥🔥

在生活中要学会不断努力。
不断的超越自己，加油🎄🎄",甘肃 定西市
Dan-0412xing,丹丹啊⭕️,女,"✈✈✈✈✈✈✈✈✈✈✈✈✈✈✈✈✈✈✈✈

22岁

汉

身高173cm

航空空中乘务专业

青藏铁路西宁段
🚄🚄🚄🚄🚄🚄🚄🚄🚄🚄🚄🚄🚄🚄

 晚上九点半直播（上班五天除过）❤️💕💖💙💚💛💜💗🧡",甘肃 白银市
YC19990616,言词❗️（冲2W）,男,"支持官方💯
        
                    如果我在今晚迷失自己
                        但我依旧会来你的身边
                   
   微信 pj18293132125
  
  
     感谢快手官方🙏 支持正能量",甘肃 兰州市
xinuogou,孤傲刺激战场6岁神童,男,"三十年河东 三十年河西，莫欺少年穷
（支持快手官方，支持原创作品）
唯一q40123266
梦想会实现的只要努力就有回报
努力吧。    直播时间早上  中午  下午。晚上。放假全天
精彩哦",甘肃 天水市
WK555999,王者荣耀•骚灬年,男,"曾经
用关羽的马踏遍峡谷整个地图。

用韩信的枪挑遍峡谷全部水晶。

用鲁班的炮打遍峡谷所有野兽。

用后裔的箭射遍峡谷每个角落。

用达摩的拳揣遍峡谷处处围墙。

点我一个关注，还你一个王者→→      →→         →👋👋

有想一起玩的可以留下你的VX。找一个貂蝉CP。

每天更新王者视频，谢谢关注！
感谢官方给的每一个热门🙏🙏🙏。",甘肃 天水市
zr536043580,瑞二爷🤘🏼,女,Jjw🤟🤟,甘肃 兰州市
whq1997gr1,图文控的小怪吖,女,"感谢快手官方热门
谢谢你那么好看还关注我鸭 比心❤️
找我拿图➕胃❤  👉 whq1997gr",甘肃 兰州市
zsjc0934,清华圈哥,男,"清华大学小哥带你游玩京城
不定期分享清华北大学习技巧
讲述儿童青少年科学教育方法
💓quan369666",甘肃 庆阳市
hero123bye,TO_ATM,女,Something just like this,甘肃 甘南藏族自治州
wanan19960817,鼓手晚安［西和艺星琴行］,男,"甘肃省陇南市西和县 艺星琴行·音乐培训中心 负责人

架子鼓、非洲鼓、吉他、电吉他、声乐、古筝、钢琴、电子琴、二胡、尤克里里等课程培训及乐器销售

琴行地址：汉源镇闫场实验小学旁李家巷道内10米处

联系电话：153-4939-1616（业务推销请勿打扰）
 
独立腾讯音乐人      两支乐队：  记得乐队、Cures乐队 

乐队原创歌曲《记得》《回到这里》《关于你我》《嘿Girl》

⚠️QQ群号：612346657   微信：15349391616",甘肃 陇南市
q17726907772,手势舞💓琴姐吖,女,"✨感谢关注我支持我的家人们🌹

✨创业+学手势舞👉V❤:CBBqb520(护月夫)

✨关注了就不要取关，取关的咱们热门见😏

✨感谢快手官方，多带我热门走走，支持正能量💪

✨不定时直播💋  《加倍努力》

✨努力了不一定成功，但不努力一定失败😎",甘肃 兰州市
hh1421990526,≥永不言弃≤,男,"谋事在人，成事在天，不懈努力，辉煌人生

自己选择的路，跪着也要走完

别人的嘴就是用来说你的

广交天下好友

欢迎大家关注。

VX: 17794272380",甘肃 兰州市
da13273742826,摄影师  阿达,男,"2019陪同郭少宇一起环华骑行负责拍摄，当过兵，骑过川藏线，刚入驻快手，谢谢各位关注支持
Vx   da924986533",甘肃 白银市
Mqwan0214,好久不见。,女,"感谢官方给的热门

在变美的路上越来越努力🌸🌸

一辈子这么短，不努力怎么行

v：mxyzzz11❤️",甘肃 临夏回族自治州
,开心✨笑晓,女,"感谢快手官方提供平台！

不忘初心，方得始终！！

非常感谢大家对我们的支持❤❤

幸运数字xuxiaojie8023",甘肃 金昌市
mjm13809316279,画家野石子,男,职业画家。感谢官方，感谢快手平台。微信mjm18719801211,甘肃 兰州市
Lzq1314wj,刘德润发（音乐.✍硬笔）,男,爱设计，爱书法，爱音乐，爱生活.🔥本人从小就爱好写字，步入社会后苦于生计没有认真练过🔥感谢快手平台让我重拾爱好～与好多有共同爱好的朋友们一起学习交流………………                                                                              练字更练心，练的是心境，练的是情怀✨希望能带给大家正能量，希望有共同爱好的老铁们互相交流学习！✨                 偶尔也会唱两嗓子，纯属娱乐，不喜勿喷vX……lzq-wj,甘肃 张掖市
HHY44444444,甘肃胡不整,男,"感谢快手给予平台

☞胡不整☜三亚☞户外☞比基尼☜临夏

☞忍一时风平浪静☜☞退一步海阔天空☜

☞坦坦荡荡做人☜☞认认真真做事☜

V-X$...18109307354搞笑户外直播承蒙厚爱",甘肃 兰州市
liufangbo,西和麻纸产地刘河,男,西和麻纸产销地，刘河纯手工麻纸，书写，画画，值得选购。微信:g649680946,甘肃 陇南市
Heyingbaby0202,何颖baby,女,"来自甘肃白银会宁县
微信he408571280",甘肃 白银市
HYXYSZA0716,韩宇轩·✌🏿Music,男,"饭一口一口吃，事一件一件做，

一句话：好事多磨！ Vx：H13150025941

世态人情 可作书读 可当戏看
                                                                               感谢快手官方🙏
                                                                          用快手记录美好生活❤️",甘肃 兰州市
dcc-1997,阿泽3D环绕音乐,女,"❤️感谢快手官方给热门❤️

❤音乐胃:az09089❤

❤胃:点击头像复制快手号就是❤",甘肃
e19a69b12c08,玉见有缘（盘龙小燕子）,男,感谢官方 感谢快手！                                                           正德厚生 臻于至善。是我们移动人的精神 是我们的服务理念，我是一名移动人，我能成为一名移动人，我非常的骄傲，非常的自豪，是移动成就了我，已经50岁的我以后会做的更好【请留下你宝贵的关注】翡翠和玉石是我的业余爱好，大家如果喜欢请走进我的直播间，咱们共同欣赏！vx:qyydekewu,甘肃 庆阳市
laogonwoaini,AEM豆豆姐姐无菌穿耳,女,"感谢快手，感谢官方，让我和大家相聚🙏
不敢打耳洞，喜欢手工编织的宝宝关注我❤⊙∀⊙
想要耳洞不发炎不痛穿耳💘
加v
❤微信号:1628707889豆豆姐姐等你们哦⊙∀⊙！",甘肃 天水市
,缘┏ （^ω^）=☞竹,男,往后余生，愿你安好，加主V hg816654210,甘肃 陇南市
,ღ随意꧔ꦿ༊,男,"WX:   j5761314


QQ: 1836441346
           

其实，人生就那么简单，做个单纯的人，走一段幸福的路。",甘肃 兰州市
,华阳 t4          💪,男,"🔥感谢快手官方给所有卡友绿色平台🔥

三分天注定    

             七分靠打拼

吃水不忘挖井人       ❤️         辉煌不忘扶我人

🚚年龄：97年卡车小伙💪

🚚住址：甘肃省天水市武山县❤️

🚚职业：东风天龙前四后八 9米6高栏

🚚   VX:   tong 2278033673",甘肃 天水市
,甘肃王大大🌪🌪,男,"年轻人不气盛，能叫年轻人嘛！！！！  



v  ❤ 1053203770",甘肃 平凉市
NDS20041215,晓宝【爱笑的傻男孩】,男,"感谢快手官方给我这个平台🔥

感谢每一个给我双击和关注的人🙏

在今后的日子里晓宝会更加努力🔥
不忘初心    铭记在心
QQ:1478292013

不互粉🔥

作品更新时间:
不定时更新作品🔥",甘肃
KWJ356227,本粑粑超甜❤,男,"很懒(≧▽≦)






QQ：3373143228",甘肃 天水市
,⑤-25遇见你,男,QQ2282014060,甘肃 天水市
,忆梦9510,女,yimeng131420,甘肃 兰州市
Zyx15101333399,异地❤️军恋🍃霞宝吖,女,"霞宝V:  ZAB226800

👮：白羊座♈️，

👩：射手座♐️

订婚❤️：2018.12.17

❤️你用青春守住军营，我用青春守住你❤️

❤️你在部dui坚守国家给你的岗位❤️

❤️我在家坚守等你的岗位❤️

❤️爱你也爱你肩上担负的责任❤️

❤️只盼有一天你脱下jun装❤️

❤️为我站一辈子的岗❤️……



                          ❤️余生一个王班长……❤️",甘肃 兰州市
eryuehong19900126,二月红、民族管乐演绎传媒,男,"🙇

                      ☔一位资深的音乐演奏家☔

            ☔只有经历了辛勤的汗水和岁月的洗礼☔

      ☔才能演绎出入心的曲子、和优美动听的旋律☔

☔二月红`民族管乐演奏互动平台欢迎你的大驾光临☔

个人简介：

原名：W X Q

艺名：二月红`字`无名

宣言：所谓千里良驹需遇到伯乐`一生追溯把乐传☞二月红",甘肃 白银市
bz919362971,甘肃霸主鸽,男,"qq919362971
vx18295310327


观赏鸽爱好者！
喜欢各种宠物植物养殖的朋友来一起交流相互学习养殖经验！",甘肃 庆阳市
yangjiaxiaohui,☞9o丿後灬阿徽,男,感谢官方               既然来了就点个关注双击      。        地址：兰州城关  ：每晚不定时直播。             微信号  yang-guo-hui-       再次谢谢陪伴我的粉丝们：爱你们,甘肃 兰州市
MXRXXP-21111,美鞋♡,女,"💜温柔并且优秀

💜喜欢👞加微信👇

💜19890703713（①号微）

💜mnnzm316      （②号微）

💜17794272929（③号微）——快满

💜③号微微快满了，亲亲们多加①②号微微

💜本人快手微信不主动加人，千万小心上当受骗

🎈",甘肃
,💥LIVE天涯,男,💥emoji，永远在一起玩，谢谢关注,甘肃
,樵夫大叔 ABC,男,"感谢一路有你，每天11：30或者19：00直播（每天直播一次）
     歌曲爱好者，更是骨子里就热爱干实事的人，更多的再让乡亲们都动起来；
目前我有30亩苹果园：2015年春季栽了13亩有望2020年丰产😀，2017年又栽了7亩；抽空售卖汽车CD光盘（经营八年多不景气所以选择了种植苹果树）15213811276 微信同号",甘肃 庆阳市
mjl2013123,℘君冧,男,"他在关注你哦
              
习惯带着面具微笑，即使背后都是泪水

欢迎来骚扰Q:3512139211

欢迎来群：651649070",甘肃 临夏回族自治州
YC19990616,言词❗️（冲2W）,男,"支持官方💯
        
                    如果我在今晚迷失自己
                        但我依旧会来你的身边
                   
   微信 pj18293132125
  
  
     感谢快手官方🙏 支持正能量",甘肃 兰州市
Yzy006622,甘州小旋风💋杨铁蛋,男,"💋时代印象婚礼微电影工作室💋

💋婚礼摄像   婚礼跟拍   街拍  💋

💋微电影  企业宣传片  广告片💋

💋💋💋V信    yzy940812",甘肃 张掖市
QiZhi-WeiTao,魏  涛【L Y  R】,男,"打磨自己的过程很疼
但最终能塑造一个更好的自己.☁҉
V: weitao00051（接朋友圈推广）",甘肃 兰州市
myq674069973,甘谷小马（徒步广州）,男,"vx;ACGDXM9


💝直播风格 搞笑才艺


💝感谢大家 一路陪伴与支持


 🌸️勿忘初心 方得始终


🌸️感谢快手官方",甘肃 天水市
Heyingbaby0202,何颖baby,女,"来自甘肃白银会宁县
微信he408571280",甘肃 白银市
lxd475869,東旭Free.📸,男,"捕捉的瞬间都是独一无二的永恒🎬

约拍.交流➕V💌2212688241🎬

好好生活 慢慢相遇 未来以来 远方不远🎬

怪先森Leisure📸 改名 東旭Free.📸",甘肃 兰州市
xxxxxx369,昕昕之火✨（卡车女司机）,女,"💁李星
🐮90后金牛座
🚚A2驾照  
💃逗逼女汉子
 
🍃吃得了苦，享得了福
🏆坚守的是责任，追寻的是梦想
🌵我的精彩人生，我做主
🔥昕昕之火，可以燎原
👸V；xinxinzhihuo520520",甘肃 天水市
lk1314lyc,康哥哥的爱,女,"想和我做朋友
微信，lyc1314lk
qq2642321502
记录生活的点点滴滴
lk1314lyc
QQ:1436424526",甘肃 天水市
xah11111,村长别开枪是我💯,男,人生短暂，珍惜对你好的人。和曾经帮助你的人，且行且珍惜。喜欢交朋友，V💖18293393911,甘肃 平凉市
an8888899999an,兰州无痕接发小资👉安强,男,"✅中国·兰州 小资造型创始人安先生
🤘V❤️an8888899999an(五个八五个九)
🏪坐标•兰州永昌路
🇨🇳同行应聘学习13038739109(备注来意)",甘肃 兰州市
wkzj34975263,☘星羽《情感语录》,男,"🍀一个迷茫的少年《😜努力加油！》

🍀喜欢语录视频😆

🍀感谢快手官方😘

🍀喜欢的双击关注哦😜

🍀愿你出走半生，归来仍是少年😊

🍀视频制作+VX(WJXK1314258)",甘肃 定西市
huihuitongzhuang,慧  美  人♀,女,"本人86宝妈自带三个孩子
老公做的是高危工作，我想自己创业给他分担一些压力，可是也不知道干什么好☺☺
yan-run88",甘肃 兰州市
X1313131266,诺一超甜哟,女,"许多年以后 你还爱我吗

qq：2528580456（只打王者荣耀）",甘肃 兰州市
,会跳舞的小姑凉👯,女,"想与你天荒地老，带着爱情去流浪

不曾到达的远方
总是有着不可言说的魅力
吸引着我们离开故土
不断追寻而去
 
远方炊烟袅袅
长笛随雨水停歇
海浪一下下拥抱着浅滩的柔沙
我站在山巅望了又望
还是没有看见最期待的
你的身影
vx:xx020813",甘肃 兰州市
Mzq199228,至尊毛 （甘肃内涵之王）,男,"甘肃武都人

VX:18193983332
喜欢周星驰先生的电影，喜欢张国荣先生的电影以及歌曲

就这样，相信自己！

每天更新一个方言段子

以后也会有普通话版本的

谢谢支持，你们的关注和小红心❤❤是我的动力

    ！不定时直播！",甘肃 陇南市
WANNN105,金张掖的来客,男,"👉👉👉别问我有啥才艺:我只做面点
👉👉👉有厨德才有厨艺，有厨艺才有厨路
❤❤❤wannn2468
💪💪💪网络教学！面点的故事🌹实战作品100种",甘肃 张掖市
rga9225a,💃如果💃💃爱💃,女,"Vx1002819997，
出售各种茶叶，，
安化黑茶，，，
有需要的朋友可以了解，，",甘肃 兰州市
zhehan0403,芸宝超酷,女,"感谢快手官方
私人订制照片书ay987632
注：➕时备注来意 不闲聊",甘肃
