﻿快手ID,昵称,性别,简介,城市
shehuinifangjie1314,陕西💃🏻💃芳姐,女,"1号❤胃zy1870021165（以🈵）
4号❤胃zy1335912098（可加）",陕西 榆林市
,温暖💋伱,女,一颗平常心,陕西
,😘小小老婆😘,女,"vx:lx-wife

❤️身高1.66体重94

唯一小号：小小有点懒
不定时会直播

爱你们 么么哒❤️
私人vx两穿云箭",陕西 延安市
,红豆红13649176960,女,认认真真做事，平平淡淡生活，开心快乐每一天。,陕西 宝鸡市
,《冢虎宁哥》,男,感谢快手   正能量满满的都是爱,陕西 西安市
,虎*妞*儿,女,心存善念，一路安康……,陕西 西安市
W140258455,宝姐👄113,女,"小号：95827957
感谢双击，感谢关注！
⏰：早9：00直播",陕西 宝鸡市
bnjgdghh,关中老家,男,"小店下单
支持绿色快手！
V服 1005403776",陕西 咸阳市
lyk1525982809,苏溯（努力中）,男,"加油＾０＾~
唯一QQ：1525982809",陕西 汉中市
ZHOUqq2733793751YY,泽锐❓（分享热歌）,男,"1⃣感谢你的关注🍀

       3⃣🌟:  ZR100006H",陕西 西安市
anjiechi,安安逛吃西安🌿8点吃播,女,"【今晚8点直播】🍔🧀🥨🥖🥞🍟🍤🍡🍰🎂

·一名吃货🍜
  看见美食走不动路 睡不着觉的那种

·想带着你们走遍全世界 
  吃遍全世界所有美食",陕西 西安市
Shuaige970808,你的刘港.,男,"感谢快手官方
已有小仙女@嘉媛真可爱
记录我们之间的日常生活",陕西 西安市
ghl25052505,玲姐小小😘,女,"谢谢大家的支持与厚爱🙏这个是小号。
 大号：174516021 “里面有精彩作品谢谢关注
V：yly79252505",陕西 延安市
,焦北北❤️,女,"感谢快手官方🙏🙏🙏

用自己喜欢的方式过一生❤️


射手座♐️


护 月夫：1970989689❤️",陕西 渭南市
x1130122390,小乖乖汤圆,女,"🙏🙏
感谢快手给与我平台，共享真实生活！

没有小号，小心被骗！


乖乖给大家提供最棒的美食，每天更新一段最接地气的视频！不喜勿喷，进来的动动手指给个红心",陕西 西安市
,鹏涛爱你们,男,"老大@河北梁哥
我喜欢快手，快手记录了我的生活，永远支持快手，有需要回关的来直播间",陕西 西安市
,达羽❤（迷妹）,男,"感谢快手官方🙏

谢谢大家的支持，我会更努力，更优秀☀


🌹🌹🌹🌹🌹🌹🌹🌹",陕西 西安市
Yue15774325227,Z 月🏅美颜秘笈,女,"任何事，任何经历。不是得到，就是學到。

相信越努力越幸运！善良的女孩会好运！",陕西 西安市
w1253505110,残疾小林子（师喜悦）,男,"我是一个二十四岁意外受伤的残疾人    喜欢唱歌🎤       交友   但是生活不能自理    谢谢大家的关爱   支持   陪伴      感谢快手平台让我们能够相遇网络     我爱你们哟
我是个穷苦的残疾人生活自理因意外受伤了伤了神经脚和手都动不了生活母亲照顾着！想在这里找些可以聊天的朋友！
本人电话和微信是:18791593356
感谢大家关爱和支持！",陕西 商洛市
,wangyaling亚玲,女,喜欢安静，有点内向,陕西 榆林市
h1206941949,💪家装水电工,男,感谢大家的支持   小生在此谢过了,陕西 渭南市
,敏儿爱生活🌻,女,"感谢快手官方绿色平台
爱生活，爱护肤
越努力越幸运🍀",陕西 西安市
,定边公子哥《大陕北》,男,我们都是八零后的石油修井工人，异乡工作，工作闲暇之余怕些视频，给枯燥的工作。带来一些快乐，希望同时，也能给你们带来丝喜悦，关注我，带你走进石油，不一样生活!  !  l,陕西 榆林市
,羚羊先生🏆,男,"哈喽大家好
               感谢快手官方，感谢大家的关注
 
             坚持每天为大家每天带来更多欢乐",陕西 宝鸡市
na19910614,三胞胎一笑倾城（四姐妹）,女,"🙏感谢快手官方，给我们记录生活的平台！
大女儿:五岁半  三胞胎女宝宝一岁半

感谢家人们支持！🙏




⭐1:sbt51666
     2:sbt51888",陕西 西安市
HeRong0318,卑微小贺🖖🏿:,女,这一秒我只想在爱里沉溺,陕西 榆林市
N1322984,冷冥人～,女,希望大家可以关注我 以后每天更新 👄。,陕西 西安市
tuanzip99,装饰 装修设计夕阳,男,"🗣感谢快手官方支持🙏
🗣本公司全国接单装修(西安装修有优惠)
🗣VX：hh091777
🗣感谢老铁们的支持
🗣想装修或者有装修问题的可以咨询我！",陕西 西安市
Wjf1478520,秦俊蜂业,男,"感谢快手平台快手的老铁大家好！感谢大家的支持与帮助！
我是陕西省宝鸡市秦岭地区大山里的养蜂人。
我养的是🐝野生中华蜜蜂🐝！🐝俗称土蜂🐝！
百分之百🐝原生态土蜂蜜🐝
喜欢户外收蜂，野外诱蜂，教你把野蜂钩回家。
      👋认准微信号防止被骗！
微信wj65736166  18966516660  15319276777
喜欢我的老铁关注一下我！带你们进山！！！",陕西 宝鸡市
,成功13838598385,男,"🔥巨蟹座，老家是河南开封。
🔥现在是在榆林家装的一名瓦工
🔥是路总会有沟沟坎坎就看你怎么去闯？每一关
🔥欢迎同行互相学习，互相指点🙏️🙏️",陕西 榆林市
Xiaozhuzhu1013,陕西💃小猪猪,女,"1号👗胃zy1870021165（已🈵️）                                                  
4号👗胃zy1335912098（可加）",陕西 榆林市
FL198103,陕南娃娃鱼（大鲵）生态园,女,"生态娃娃鱼养殖园，常年有各种规格大小的娃娃鱼，可以当宠物养；也可以食用营养丰富。                                                    

有需要的可以＋微💕wayu8008                                         

微💕33783040                                    

感谢快手官方平台！",陕西 汉中市
A2361482054,不会前水平不改名,男,"勇于挑战极限       汗水不会白流，干就对了
2017年6日开始街健
街健融入生活，生活融入街健

谁也不轻易成功,他来自于自律和坚持  .毅力
勤学苦练，没有什么是不可能的


V❤A2361482054  

街头极限健身",陕西 西安市
A523721308,双子座大姐姐，,女,谢谢你的关注😘,陕西 西安市
wanghongwei1985,王子面皮—创始人,男,"真正的正能量主播。因工作忙不定时为大家直播。为大家讲解餐饮小吃创业和经营之道。接受连麦。一对一免费解决餐饮当中的问题。
高度不同。你的收获绝对不同。本人.：胃❤:15592598530拒绝闲聊",陕西 宝鸡市
,山水¹,男,砥砺前行,陕西 宝鸡市
qx1457zmw,伟✔持刀战四方❗️（义）,男,"所谓生活
     一半惊喜
        一半遗憾",陕西 榆林市
,大厂💘💗,女,QQ3293373840,陕西 渭南市
WB20040610,流ོ年,男,"本人唯一🐧3480523426
只要是我喜欢的  坏到极致又如何。",陕西 榆林市
wjxdmm666,我爱你󾓭️󾓭️󾓭！,男,我这么帅，还用介绍？,陕西 西安市
,冷咖啡 （冷老八）,男,帅,陕西 渭南市
bo343440,♟当你,男,对待初次的感情，我还只是个傻子,陕西 西安市
,龙风婚庆,男,更高，更快，更强！微信，maomao13772574277，喜欢健身的朋友一起坚持吧！不抛弃不放弃！快手小号，307008062,陕西 咸阳市
A3325249529,花娘强子,男,"QQ,3325249529",陕西 延安市
k13671308175,Powerful、大龙,男,极限健身无终点,陕西 西安市
,大陕北夜哥681,男,本人喜欢结交天下好友，愿天下好人一生平安，我是一个普通的人，,陕西 榆林市
,主持人小燕子！,女,🔥🔥高度不够看到的都是问题，格局不够纠结的都是鸡毛蒜皮，提高高度放大格局才能成功‼️,陕西 延安市
LXP573886911,林总,男,从此以后好好努力,陕西 安康市
ID674898456,郝建红238（大陕北）,男,卡车家族创始人！郝哥！我来自陕西省榆林省清涧县的卡车司机。我愿与你成为忠实的朋友，真心结交。微信号:13897481158，感谢官方！感谢老铁们！,陕西 榆林市
,俊哥❤欲绝望,男,单身的想条狗,陕西 西安市
Zhang20010117,-八尺琼勾玉,男,無趣,陕西 咸阳市
wzy2002wzy,森之  千手（万少门）,男,"爱官方。盗视频@我
珍惜官方给的每一次热门
目前被关进小黑屋
珍惜每个粉丝
互火影粉
一个会弹吉他的男人
带粉秘境
不借号！！！！
火影ID：4316425612
在五一之前都在日本会更新日本游记
emm正常的话就是火影忍者的视频。",陕西 渭南市
,陕西你星星哥,男,"我姓陈落叶星辰，那是你来过的痕。
我姓陈我的爱人，伴你一世的温存。
我姓陈黯然销魂，此生只爱你一人。
我姓陈深入灵魂，真心只给意中人。",陕西 西安市
yyqx9979xtb,陌冰..,女,"底线:TFboys.
vx:xtb3088977830",陕西 西安市
Mjz15829999139,指嘛为嘛,男,互相关注,陕西 延安市
X1268738862,传播正能量🙏星姐,女,"感谢快手平台提供的绿色平台！🔥
感谢我所有的快手家人🌹
感谢一路支持我的快手老铁们💟
每天传播正能量💕
不要羡慕别人的成功，
努力+坚持+正确方法――成功
每天正能量与你分享！",陕西 西安市
,爱健身的妮儿🌸,女,"🙏感谢快手官方给提供的绿色平台
🙏感谢官方给的每一次热门
🙏爱快手官方大大
🙏我喜欢运动，希望在今后大家能够喜欢我支持我💪🏻
🙏感谢您的关注

🙏有喜欢运动的欢迎加入",陕西 西安市
,宝鸡胖哥美食,男,想学做美食！想成为美食高手，就关注我吧亲,陕西 宝鸡市
,星雅手工发卡、芭比、石膏,女,"🌸感谢快手感谢官方提供的绿色平台
🌸手工芭比娃娃、儿童发饰、石膏娃娃、水精灵、新娘手捧花、胸花、玫瑰花
🌸喜欢手工制作加V18098005162
🌸加我的主动和我聊（不回收、不外放）",陕西 榆林市
,爱唱歌的农村宋大哥🙏,男,感谢快手平台，我是一个来自农村的，我会用心唱好每一首歌，传播正能量，打造绿色直播间,陕西 西安市
,奔跑吧自己勇往直前,男,活在当下,陕西 宝鸡市
,陕西面食哥,男,"感谢快手官方，给予这个平台！


陕西面食历史悠久，传承文化，
主打关中特色面食，纯手工制作，
手工凉皮，擀面皮，
结交🙏五湖四海的朋友！
13772203233",陕西 汉中市
,😌周先森,男,说个啥呢,陕西 渭南市
,无情.▓,男,喜欢干一些别人干不了的事情！,陕西 铜川市
ttabc666888,彬州名人,男,不乱于心，不困于情。不畏将来，不念过往。(你赢我陪你笑看天下，你败我陪你醉酒天涯。),陕西 咸阳市
LRY20000801,渭南古L娜花,女,初心易得 始终难守,陕西 渭南市
,重耳234,女,"感谢快手官方❤️🌸
发作品随缘",陕西 西安市
ningderen,您的心里人,女,认真对待生活   目前唯一希望,陕西 安康市
,👄美辣婆🍒2345☀,女,相由心生，为善保寿！做人要有石灰的品质，人越给你身上浇凉水，你的人生要越沸腾！,陕西 宝鸡市
,依靠就是自己8517,女,依靠就是自己,陕西 延安市
DZF18691104179,太认真还不如一梦到天亮,男,qq2740838952        微信 DZF18691104179,陕西 延安市
ygv20150910,蔸逆顽,男,岁月就是一把无情的刀，让人遍体鳞伤！,陕西 西安市
,事与愿违1491,男,根本没有失败，失败只是你没有达到别人所达到的目标，一切自己愿意做的，尽力就可以了,陕西 咸阳市
Taoziwenwan1688,涛子菩提金刚,男,"感谢快手官方！🙏

❤️：198 9168 7811",陕西 西安市
htmy20190118,和田籽玉店,男,感谢快手提供的直播平台 让我认识了很多朋友    我是做新疆和田籽玉原石   喜欢的可以加我v  AAAAHTY   电话 13565834786,陕西 西安市
L195219821998,我的作品为啥不热门？,男,不同的选择，结局也不同，一切都是最好的安排。,陕西 西安市
MC366831,A～少年时代,女,与其再别人的世界里哭，不如在自己的世界里笑,陕西 咸阳市
a842880859,吕哥～伴你闯天下,男,"👉分享地摊干货，交流地摊经验。
🙏感谢快手官方提供的绿色平台。
👉本人从98年步入社会，陆陆续续从事了很多行业，一直都未如人意，2011年一个偶然的机会接触到了地摊行业，也就是所谓的江湖，从此一发不可收拾，由于当时网络不发达，也没有入门拜师，中间走了不少的弯路，摸爬滚打一路过来，还算是小有成绩，如今有了这么好的平台，很欣慰，希望分享一下这几年摆摊创业的一些经验，一些技巧吧，希望对大家有所帮助，早日实现你的人生梦想。不嫌弃的加个关注，我们一起交流，一起成长。",陕西 西安市
Yinyue2019,哼唱……,男,☁️威❤️：beibei348873,陕西 西安市
,小楼煮酒，,女,本人仅此一个快手号,陕西 安康市
rznyzy15d,珊珊她老公.,男,"性别男
爱好刘珊珊",陕西 西安市
,美满家圆168,女,一位地地道道的农村人，热爱戏曲。支持快手官方，支持正能量。,陕西 西安市
FLi7777777,༽ 大鹰 ༼,男,该放下的就要放下，何必那么执着，有些人有些事埋藏在心底的最深处吧！珍惜眼前人！！！,陕西 西安市
yy3078191497,可爱七七,女,💜未闻花名 但识花香 再遇花时 泪已千行,陕西 西安市
ndmz520520,탈염하다,男,"계집애, 너는 이전에 나한테 정말 중요했었는데, 그것은 단지 예전과 같았는데, 지금 돌아와서 곰곰이 생각해 보니 너 같은 사람은 정말 돈을 벌게 되는 것 같다. (巴金 《家》)",陕西 西安市
lD509676585,天生傲骨&岂能输🌹,男,女孩子是没有爱情的、谁对她好、她就跟谁跑了。男孩子也是没有感情的、谁漂亮、对谁好……,陕西 西安市
Liuwen546325125,塔司、liuwen.cn,男,"生活虐我千百遍
我待生活如初恋",陕西 安康市
FASHE666,天空之城5444,男,诚实做人，认真做事,陕西 西安市
lch510333423,o.o老顽童o.o,男,非常感谢快手提供给我们的这个平台，让我们记录身边的点点滴滴。,陕西 西安市
,❤️小胡（努力中）,女,"❤️感谢官方大大给的这么一个好的平台

  ❤️感谢关注我的每一位小可爱

   ❤️做你想做的  错了算我的😽️
     
      ❤️交友➕️ huxinrun123456",陕西 西安市
LL56784321,卖女孩的的小火柴❤六❤,男,"珍惜眼前人
    善待手中杯！
         2019！愿一切美好！",陕西 咸阳市
zgfgq888,王二妞经典歌曲,女,"💅感谢快手官方平台

💅共享经典歌曲

💅带给老铁们欢乐和美好心情",陕西 西安市
,农民工/万岁万岁万万岁,男,感谢快手这个全民平台，各路神仙，齐聚这个大网络，卧虎藏龙!八仙过海!各显神通!属实性感!,陕西 渭南市
Yqc13772986215,随心 结缘,男,"V：y1075798094
风筝有风
海豚有海
你还有我",陕西 安康市
cuinadong001,小时候可美了后来越扎式了,男,关注回关,陕西 榆林市
xh807908,时间可以淡化一切555,男,人生,陕西 榆林市
h15991767078-,天涯哥16,男,原创音乐人，代表作《我在春天里等你》《我的家乡商洛山》,陕西 西安市
ZYLYSZAWZY,卿衜,男,阆中古城☜,陕西 汉中市
guanyangyi,᭄ꦿ酷里无边$,男,年少轻狂，疯狂,陕西 渭南市
,我为鞭狂1,男,玩鞭子只是业余爱好之一，工作之余每天只能抽出半小时来练习。其实我更愿意让大家认为我是做视频的！感谢平台对我作品的支持，也感谢各位朋友对我的关注！,陕西 咸阳市
,卢老弟49949..54,男,感谢快手官方娱乐平台,陕西 宝鸡市
,LI. LI. DU,女,姐不拽，但是姐贪玩。,陕西 宝鸡市
,爱上foot,女,394957534,陕西 西安市
woaitxt886,寻散迷陌~,女,"她在关注你
农夫山泉有点甜，不爱你婷有点悬……
感谢快手大大给的每一个热门
取关的，感谢陪伴

未关注的，我在努力一会……",陕西 渭南市
,💅鸽子家,女,微信1️⃣号店18840499472,陕西 渭南市
w769324538,陕西大棚制作安装,男,"我是一个农民出身。我能有今天，我非常感谢我的父母。爸妈我爱你们..........
 电话18629187123欢迎来电",陕西 榆林市
,﹏ℳ๓₯㎕一承诺,男,爱新觉罗    正黑族,陕西 渭南市
z18098055115,吾づ  ペ空,男,"世界上有两个我











一个假装快乐









一个真心难过",陕西 榆林市
,西安哈士皮,男,世情薄，人情恶，雨送黄昏花易落。,陕西 西安市
,struggling蚁族,男,"🔥一个卖车的小伙子
🔥带你了解平行进口车
🔥  13891879100",陕西 西安市
bar1987520,ωǒヤ無賴ぐ,男,这个家伙不赖，但也没有留下你们想要的。,陕西 榆林市
,亮Gg·❣️,男,".
.
.
.
做個俗人  貪財好色✌",陕西 西安市
An479711994,大小伙子.,男,缘分是一本书看的不经意会错过，看的太仔细会流泪……,陕西 榆林市
,一个小韭菜。,男,❤zyh308194016,陕西 西安市
,鈤後再説,男,人生处处是惊喜。,陕西 延安市
,张平8082,男,我为什么要努力，再努力地转钱，因为人一旦转钱了可以什么都能说，虽然你没说对，但旁听的人都能憋着，使劲憋着,陕西 榆林市
liuhao521_,行走的gao酮,男,喜欢请继续恨我的别放弃,陕西 西安市
,朵儿爱养生🌈,女,"♥️感谢快手官方平台，传播正能量📣


♥️感谢大家的关注🙏养生知识每天更新",陕西 西安市
yn2081288,（罗百川）,女,"P





les


              没有要和任何人共度余生的意思，但能使我当下快乐的话我就永远爱你


❤",陕西 西安市
,快乐铺住,男,愿做你的快乐铺住,陕西 西安市
,你酷哥比你更酷,男,"QQ3350693241
微信19891027686",陕西 咸阳市
,美人痣839,女,心不动则不痛,陕西 延安市
xggdtzd88990,忠.秋瑶瑶,女,"感谢官方快手平台让我认识更多五湖四海的朋友，发扬快手正能量，
批发老店20年
v2：18991933117
亲们直接微信下单，
我们是做精品童装的，不收处理，不收库存，想要便宜童装的亲不要加微谢谢",陕西 西安市
,💘心✔驰✔神✔往💘,女,不能说的苦最疼，不能流的泪最真。,陕西
WGH08523,拿的住我 嗎,男,挽叔,陕西 西安市
hf189126521,乡村制片人,男,感谢快手平台！我是乡村制片人！友谊长久非诚勿扰。人生存在怀念包容理解珍惜？八个字送给你们。善义堂之恋钢少。,陕西 渭南市
tsdxglmm1092,CFM .七钥[电竞梦],男,"[ Hello 你们好 我是   七钥 ]   初来乍到，请多关照
         〈  电子竞技菜是原罪〉

              游戏id:    电竞梦.七钥^


       本人唯一 qq:  1092797285
   越努力越幸运❤
       

       游戏大区:  安卓，  QQ区
        
      游戏等级：130级

       
      游戏设备：OPPO  R9sPlus       华为Mart  20


       操作方式：假三指",陕西 汉中市
GAO18829748327,我爱骚菁菁,男,好热啊,陕西 商洛市
,西安后生阿平阿、,男,我要找一个最合适的人先带她先环游世界。,陕西 西安市
XIANPINGGUOWX,85哥精修苹果🍎产品,男,感谢🙏官方👍👍👍！                                          感谢🙏老铁您的支持和鼓励                           手机维修 换屏 技术交流学习  苹果🍎 笔记本 一体机 台式机🖥️全系列维修     如🈶️问题欢迎咨询 一次合作一生是朋友👬   你满意我们开心！,陕西 西安市
,洒脱852,男,一生很短，做自己喜欢做的事就行了！,陕西 咸阳市
,人生漫步590,男,中国奶山羊基地，柿子柿饼基地。苹果花椒基地，富平,陕西 渭南市
,明天更好，加油，耶,男,装修工,陕西 西安市
zxy147369,￡哥姓坚名强字狂妄￡,男,"姓名：赵碎勇
性别：男；
爱好，苗条的女士；
职位：农民工；
国籍：贵族😆️


英雄气短，儿女情长！！！
世界上最遥远的距离丈母娘在你的旁边， 
你却只能叫阿姨!


微信zhaoyiaoyong8878",陕西 咸阳市
,浪某某某✘,男,"我不是随随便便的人，可我随便起来不是人








。",陕西 榆林市
,小<哥哥,男,"你可以弯腰到你不能下跪，你可以没钱，但是不能没有尊严
不忘初心
不死终会出头

世人从多，再难遇我",陕西 西安市
XYZ13809166903,为爱痴情527,男,男人的好，只有在他身边的女人才知道……,陕西 汉中市
fx15091028785,请叫我丸子同学💙️,女,"活着真好。









💜️",陕西 榆林市
,洋洋洋·❤,女,嘻嘻,陕西 渭南市
GD5213344ZX,.你的宝贝？,女,！,陕西 西安市
zhanghao181130,小王子🍋宝,女,"🔆感谢快手提供平台🙏
🔆记录宝宝成长记💕分享快乐分享美
         柔丫系列产品💯均为自用款

👉纸尿裤🐥拉拉裤➕V♥️15891439343
             {宝宝👶自用款}

❌不要相信任何回复，️私信及评论🚫
❌避免受骗，不要相信主动找你的骗子🚫
            了解直接➕V",陕西 西安市
shuaige1948,找你遇见了你,男,"都说有缘千里总会相遇
可蓦然回首你又在哪里
有些人只会让你成长
有些故事只适合收藏
我不想我的女人在
任何一个关于爱情
的节日里羡慕别的女人
单身征婚交友
微❤714585345",陕西
a13002908,芦宇铭896,男,"不忘初心方得始终
成长的路上
我们一起前行
我是小虎，经营一个水果摊，辛苦却在前进",陕西 西安市
,阳雨廷尧🐘,男,"种一棵树，向阳而生；
人生写字，持之以恒。",陕西 西安市
,路过，只愿停留！,男,微信，woshenaizheni2005,陕西 渭南市
leishipei521,＠团长,男,你想得到你未拥有的东西，就要去做你从未做过的事情！,陕西 渭南市
wangruifeng841002,活泉396,男,你的每一个远方，都是他人的故乡……,陕西 西安市
lhw011111,江南如春`,男,"当你经历过一些事情的时候


眼前的风景已经和从前不一样了",陕西 榆林市
LJJ503610499,丿双双人生,男,无聊、,陕西 商洛市
xb1988226,差不多_,男,"感谢快手官方绿色平台🙏 🙏 🙏

工厂直发   一手货源。

新号开张，粉丝达到1w给大家直播送福利 

感谢您这么美，还关注我。如果有一天您取关了，也感谢您一路的陪伴。

V❤： tiantian092501",陕西 西安市
yesssir1127,闫sir2,男,闫sir,陕西 榆林市
,别了。旧时光,男,从此只愿做个渣男，不问过往！不问将来！原谅我这一生放荡不羁爱自由。,陕西 西安市
,冬日暖阳 3029✔,男,感谢快手官方给我平台！,陕西 汉中市
lD409761390,秦罐面道（德州总店）,男,推广陕西美食弘扬传统餐饮文化《秦罐面道》西安特色小吃全国连锁加盟18618198396微信同号,陕西 西安市
,＠快乐的梅🌺💃,女,最进很烦:有没有人陪我出去玩😘😘😘,陕西 西安市
okpk641110,菊花艳okpk,女,感谢快手平台🙏🙏🙏🙏感谢大家的支持🙏🙏🙏🙏本人热爱舞蹈，🙏🙏🙏🙏平时也爱表演模仿秀🙏🙏🙏🙏跳舞开心快乐🙏🙏🙏🙏，模仿提高表演能力🙏🙏🙏🙏展示自己的原创🙏🙏🙏🙏表演自己喜欢的，🙏🙏🙏🙏自导自演自原创，🙏🙏🙏🙏发正能量的作品🙏🙏🙏🙏表演搞笑段子🙏🙏🙏🙏希望我的作品能给你带来快乐，🙏🙏🙏🙏望大家多多支持🙏🙏🙏🙏感谢我空间里有你🙏🙏🙏🙏祝大家玩的开心🙏🙏🙏🙏,陕西 渭南市
,《戏言/》,男,风生水起靠自己,陕西 西安市
wy-981129,唐萌九.,女,"游戏：天涯明月刀  电脑游戏  

            原长风破浪  现今夕何夕    不常玩了




有事q:1308638468",陕西 西安市
WANGYU1497876106,奇奇的钰钰❤,女,"已有男友
  
   比你帅❤",陕西 西安市
,毕竟你喜欢杨而我姓 ❤,女,你问我有多爱你，大概就是，再遇见你一百次，也会沦陷一百次。,陕西 咸阳市
qingqing2321,清511!,女,简单🌸,陕西 渭南市
menglong547411385,美好的明天73561,男,过去的让它过去，我们还得向前看,陕西 咸阳市
lD911916949,饿之狼💘💘🇨🇳,男,人生如戏，戏如人生，且行且珍惜，往后余生，奋斗不止。,陕西 咸阳市
,刘江〈张家军〉,男,每天不定时直播！,陕西 汉中市
,TmPg.,男,"-
""  别说太多大道理 爱就努力在一起 ​​​​  """,陕西 西安市
y82006030,♬♩♫♪烟味♪♫♩♬,男,我就是我，不一样的烟火！自己瞅着都上火！😂😂😂😂,陕西 西安市
cd1990212,_陳陳 ^,女,"🌸

🌸V:   376586590

🌸谢谢你那么好看还关注我

🌸",陕西 西安市
d13655766169,☞二小姐♥（破一万,女,♥希望大家看到我的作品就随手给个双击加关注，不为别的，我就想通过网络让更多的人知道我的情况，提宝贵意见或经验给予我帮助，我想治我的脸，我不想因为我长痘痘而让身边的人远离我，把我当怪咖一样给我异样眼神,陕西 汉中市
wp198500,太子4646,男,微信,陕西 西安市
yangyang663285654,Super woman586,女,"不想别人否定，自己就更加努力...
三观不同，互相尊重，谢谢...",陕西 西安市
,LC￡彩,女,既然没并肩作战的人，那只有自己孤军奋战勒。,陕西
yy18810086,ㄨ℉ོꦿ卜イ老玖蕶逅℅`,女,来自大美青海🌳️🌴️🌿️☘️🌾️🌺️人累了可以休息。心累了可以沉默      仙🐬,陕西 西安市
,浪子甜心（迪）,女,不要拿过去的记忆，来折磨现在的自己。不要再惯着那些不把你放在眼里的人，他们不配，也不值得！,陕西 咸阳市
,浪花兄弟13565,男,乐乐呵呵过好每一天,陕西 西安市
zhaorong1119,左撇子656,女,偶尔当一次配角 你的人生也不会少一角,陕西 延安市
Mfq2006118,马存娃,男,我是卖草莓的。,陕西 榆林市
,莹🍎《伤感情歌》,女,感谢官方！,陕西 西安市
,倩倩指尖💅炫舞,女,"宝妈创业，感谢快手平台🙏🙏
   越努力越幸运！！！
➕V1，17635197341
➕V2,   215409849
(不要重复➕)",陕西 榆林市
TT1538294919,☞♂阿贺♀↣☜,男,"地地道道的老实人
😇😇😇",陕西 渭南市
,爱上鱼的猫๛,男,爱生活，爱快手，生活不易，努力向上。,陕西 榆林市
,蒲城勇哥,男,不求突如骑来的好运，只求2019所有的付出能得到回报……,陕西 西安市
my876888,梦哥一缘,男,感谢快手这个平台，唱歌🎤，说话幽默搞笑，都OK的，喜欢我的就来吧宝贝,陕西 西安市
II-1174000109,九幽海棠、魂,男,古来圣贤皆寂寞、唯有饮者留其名....,陕西 宝鸡市
,古城何少,男,喜欢别去告白直接吻，分手别说再见直接滚。,陕西 西安市
,富平庄里农村娃,女,假如你是我眼中的一滴泪，那么我永远都不会哭，因为我怕失去你。,陕西 渭南市
hu999888000,A百乐门,男,"感谢快手官方提供平台


感谢关注我的人
感谢所有人

请献出你们的爱心，小红心💗点一点
祝你们永远长命百岁，财源滚滚",陕西 西安市
b799176006,815🔷精彩人生🔷,男,我在你眼里到底算什么,陕西 延安市
a131416888,社会★浪哥,男,感谢快手官方这个平台，感谢关注我的朋友,陕西 延安市
jinyang678,一本正经的胡说八道︿,男,开个破车浪迹天涯,陕西 西安市
li-13892020240,我想＠更懂你……,男,666,陕西 西安市
,婷妞爸比,男,喜欢的东西可多呢，永远求全不了,陕西 榆林市
,遗忘～80后（328）,女,"感谢快手官方🌹🌹🌹
我是一个 宝妈，我想经营一份属于自己的小事业
——全网最火的多功能清洁膏、不用洗洁精洗碗巾
——送您与您的家人一份健康
喜欢的多多支持！❤❤❤❤❤
有需要的➕胃h1030524",陕西 延安市
missaahy,建匠建造师课堂,男,一建、二建、造价、监理、消防，教材+视频课件+学习资  想了解V  :     misaahy,陕西 西安市
,手工辣条辣片,女,"感谢快手平台！      
V6:   s547130458
V5:  s18792582062
v8:       18392551559
全国招学员！陕西三原！电话18392551559",陕西 咸阳市
latiao555888,儿时的味道😊ི,男,"小店下单👉🏻小店下单👉🏻小店下单👉🏻
                薇 ❤:     Sk88627",陕西 咸阳市
OK00077962,春&飞烤面筋,男,感谢快手官方绿色平台@@@传播正能量$分享美食                                                                     舌尖上的美食$竹签上的金条$你考青华$她考北大$我考面筋wx1870007796~纯手工制做,陕西 渭南市
kkk20001223,林泽^,男,"风格不定义 我喜欢的就是最好的
感谢官方！
企鹅Q:1005336897",陕西 西安市
,饭饭吃西安,女,"❗❗饭饭吃西安官方号
💁💁饭饭小姐姐每天来给你讲讲西安有什么好吃哒！
📬📬vx:西安饭饭
           vb:饭饭吃西安
       合作：18681825010",陕西 西安市
ltg12300,丶一代宗师🔥,男,"小店下单
支持绿色快手！
V服 1005403776",陕西 渭南市
Z374840491,＠💈天艺💈1⃣,男,"感谢快手🙏

地址，洛南县，永丰镇，天艺，第
二店，苗苗美发，第三个店，洛南县，发艺轩，

V，374840491

小小美发人，美发15年，因为不想给自己留下遗憾，所以一直家乡，孝不等人，希望分享作品能帮助更多人，加油每个人

繁华落幕，平淡归真，和父母时间越来越少，每天陪在父母的身边，平平淡淡，为了以后，为了自己以后不留下遗憾，多陪陪父母，，",陕西 商洛市
Li2877874274,﹏安小汐°,女,"白茶清欢无别事，我在等风也等你，🌸
苦酒折柳今相离，无风无月也无你。 🦄

美图爱好分享.（非摄影）

qq 2877874274🍀",陕西 西安市
,ℳ๓₯㎕：小磊,男,记录世界：记录你ℳ๓₯㎕。☎️15291114132✍   💬zhaoanzhen-456,陕西 延安市
WY1314BJG,🔱悦哥☠日常秀🔥,女,"👤她在关注你哦
       ♡心态放好  欢迎喷子
          本人直播号:WY-66666-WY",陕西 延安市
djw168888,人在🚬龙图！！！！。,男,"💋单身。
💋陕西，定边 。
💋爱好喊麦，画画，蹦迪。
💋爱是一种遇见，不能等待，也不能准备。
💋最喜欢一首表达我的歌，郑源，一个人哭，感慨万千
💋微信号，hz 183922217511只愿等待一个哭诉迷离的我们",陕西 榆林市
dudu20170324,艾特💃辣条姐,女,"支持绿色快手，支持拍出自我。

感谢快手官方🔥  

感谢老铁的一路陪伴。 V: 17719679471

快手不倒陪你到老👍👍👍",陕西 咸阳市
,壶口瀑布●古渡口摔碗酒,女,vx:ann0813,陕西 延安市
Zxb36993699,周夫人家-晨晨,女,"感谢快手官方给的热门。感谢支持我的家人们。
V6∵13309262896",陕西 西安市
,洋子9316,男,"其实我是一个被搞笑耽搁了的
正儿八经的文艺摄影师
唯 ❤ :zhuristudio",陕西 渭南市
zg1234567d,梦醒晨曦👿,女,"关注我的都是小仙女越来越美🍀
每天分享好看的图片
小姐姐非本人
同款👀💚《wx1603573979》请备注来意
《》内的是找我的方式从w到9",陕西 西安市
huajie2018,宠物乐园（冲刺20W）,男,"❤️ 1️⃣8️⃣0️⃣9️⃣2️⃣7️⃣0️⃣5️⃣4️⃣5️⃣7️⃣

💔jie8️⃣0️⃣2️⃣3️⃣8️⃣3️⃣
哪里都

能送到",陕西 西安市
xianmnls,西安蒙娜丽莎婚纱摄影总店,男,"感谢快手官方给我这么好的平台。
喜欢我作品的双击关注
咨询v：‭17391845610‬（备注来意）",陕西 西安市
SLP201308,哈蜜贝贝,女,"感谢快手官方为我们提供的正能量平台！
喜欢的加V  13572350832",陕西 渭南市
huazaiv587,华仔💦承蒙厚爱,男,"他在关注你哦🔝
越野爱好者⚜️⚜️⚜️⚜️⚜️

承蒙厚爱，感谢支持❤️❤️❤️

❤️:   hz9167155(➖）

💔：hz1305025(➖）

❤️:团队招人，有意者私信(不限男女)

扣扣：1536710311",陕西 西安市
Duoerbaby,朵儿 ✨,女,"☁️“还是喜欢网吧的自己”



薇❤️：duoer12101



☁️薇卜：朵儿babyl",陕西 安康市
l20021017,-雏田⛓,女,"下次花开再会👑         V.I.P


喜欢火影我们就是朋友


有轩轩了♡


網易雲    Marhoba-


选择性互👌",陕西 安康市
zC24863179,辰枫の,男,"我呢每天会在个个网络上找一下搞笑娱乐的视频放上来供大家开心，我的视频不是固定一种，望大家见谅。

本人QQ号：3326556336
v：H3326556336",陕西 西安市
wangchao2222,超 少 爷❗️❗️,男,"🔥诚信🔥互关🔥谢谢你的关注🔥

   世界虽然残酷 👊              Q:1792605423

   但只要你愿意走，总会有路 👊

   看不到美好，是因为你没有坚持走下去 👊",陕西 西安市
xixizhenhaokan,是萝莉啊❤️,女,"陕西西安
大号45.2W 6.2w 3.2w 
这是新号不要乱私信我没有模仿萝莉我就是本人",陕西 西安市
Sub131420,刺激战场小奶狗🍒声优,女,"她正在关注你哟🍒

感谢官方大大给的每个热门🔥

工作v:naigou521a(不闲聊)✨

🐧:97294659   群①:868070300

群②:866948394🎉",陕西 西安市
xiaomo1821,美缝剂小漠哥,男,"感谢快手官方的支持！感恩相遇！
传递正能量！
2013年成立美缝工作室！解决各种房屋难题.
数万家庭已乔迁新居！打造装修创业新篇章！目前为社会带出人才已有千余人
🌴 晚8:30-21：00开始直播教学

高端美缝剂 vx:  xm18211821 
美缝膏、万能贴 ，修复vx ：xm 91334133
(提供技术指导，配色预算)",陕西 西安市
gg960312,凤翔彩玲豆花泡馍,男,"🇨🇳感谢快手官方，分享三秦大地陕西美食及做法教程。          
      不忘初心，继续前行。无论你身在何方，彩玲豆花泡馍(真空包装)给你一份家的味道！
     各种导航搜索👉(彩玲豆花泡馍)
   10年老店，特色老豆花。坐标：陕西宝鸡凤翔县时代广场南200米东排(南大街)
     特产美食吃薇👉FX4480A
(90后创业青年感谢兄弟姐妹们的关注支持)",陕西 宝鸡市
xiaoxiaozhao666,小小赵钓鱼,男,"分享钓鱼知识，传递钓鱼快乐。
xxzdy6666",陕西 西安市
bst51314,魔巫.,男,"感谢，感恩，一路陪伴❤️

 学习V信:  yantaquann      17782749248

感谢你们的关注和点赞

粉丝破两万，免费送特效教程一期(福利)",陕西 西安市
a602538695,过儿～我是姑姑啊,女,"感谢快手官方😘
7⃣️天全科剪烫染结合沟通话术店内运营深度
消费不负债引流互联网运作接发及视频剪辑

6⃣️天潮短6⃣️款发廊落地实用发型裁剪

5⃣️0⃣️天零基础特项技能速成班

刘柱手把手美业落地实战技术只为现场定制

每晚11点直播
微信：kgg599522


西安市雁塔区华城万象商业街庞贝美发沙龙
预约热线:029-85205092

V3:kgg599522 私人号",陕西 西安市
ai584521fx,🌈暖男先生【木】,男,"👤他在关注你哦

💎【爱不随人愿，只留真心人】

🌈感谢快手官方  支持快手正能量🏅

🗣就想让你心里暖暖的

VX：sengeai821116  ☎️13299089082",陕西 西安市
xiongdd026-,³杀了逗可爱³,女,"私微💕直播获得
围脖：来一碗逗可爱（有事这里找）
粉丝qq：522049584（扩列 推广➕）
闲置QQ583909857（需要➕）
没有小号 小偷司🐴
不是萝莉.是一种穿衣风格,
不混圈穿自己喜欢的",陕西 西安市
cdd521125,👗单身姐 👛🕶,女,感谢快手这么好的平台❤️                                                          快手号，cdd521125,陕西 西安市
Y3451834242,-杨李婧☘️,女,"她在关注你哦
 往事清零  爱恨随意🖤 
q ：3451834242。      小号 Jingge816
v  + ylj15091292076",陕西 西安市
PLA771775296,明星经纪人小哲,男,"关注快手：懒郎中
承接：词曲创作、编曲、录音、MV拍摄、发网站软文、QQ音乐酷狗音乐上传歌曲、专业播音员配音、个人电视专访、歌曲KTV上架、明星演艺、明星祝福视频、名人字画、订制企业文化歌、校歌、村歌、县歌、市歌、私人单曲等，另需要专业电视主持或者专业摄像也可  “ 私信” 。
广告承接：Liyz-zz
祝福视频:15229730225（非诚勿扰）",陕西 西安市
xx20181201,粉色的  &Cherry,女,"👆👆感谢你们点的关注

🙆🙆感谢快手官方

v 💓    641387414",陕西
h86-0618,暉尐爷,男,"V信：645955637

每天晚上22:00直播聊天，其他直播时间不定时

（另售农土特产纯手工)白水苹果，核桃，大枣，野生丑柿饼.油泼辣子.八宝肉辣子，锅盔，自磨面粉

一姐平行线，一哥时光海，天天开工，第三支持我的伙计们

弘扬陕西吃货文化；面是陕西人的皮囊 ，面汤是血脉，
纪录生活，平凡而又不简单，变着花样的家常饭，有着满满的勤劳，透着浓浓的乡土情，家的味道，幸福的味道。。。每个人的记忆深处",陕西 渭南市
YuD6669998,刺激战场萍儿。,女,"三指玩游戏
        设备:苹果

❤️感谢快手官方及快手工作人员❤️

❤️：D114806（自用灵敏度）
             坚持下去，感谢支持！",陕西
,丫丫定格动画,女,"hello 大家好 我叫丫丫🐈

一个痴迷定格动画的博主🙊

快跟随我一起🐾

玩转动画世界吧❣️

喜欢的话一定要关注我哦👄",陕西 西安市
ershixiong,二师兄（户外）,男,"v:laosiji221
嗨，你好
我是一个普通的上班族，想做一个有趣，有用，有温度的快手号
这里会有正儿八经的段子，会有搞笑的无厘头，会有不正经的深刻，也会有热气腾腾的生活。
如果某个作品能博你一笑，那就是我做这个快手号的意义，你随手再点个喜欢或者关注，那是我的荣幸
总之，我天天录，你没事看，能看多久，看缘分",陕西 西安市
dd303834949,汽车改灯-西安-高陵,男,感谢快手官方👍建立绿色平台，让我认识更多的朋友，如何升级适合自己的爱车车灯避免夜路事故！解决v15114832433,陕西 西安市
,全网WIP影视卡,男,"感谢快手官方正能量

全网VIP影视卡一卡通

秒杀价28.8


1号客服xbt8798



快手不到  陪你到老",陕西 榆林市
,白鸽♥.,男,"qq
2369740586",陕西 榆林市
c99nrgwb,痞子宇❗,男,"不忘初心，方得始终–初心易得，始终难守!
wx:xhwnhp7320
扣:2786400694",陕西 榆林市
zhabg632179235,为爱闪婚又如何zsh,男,"喜欢交友的加V,15202980293
多年的老友，时间流逝，我们都在成长。距离变远，我们的情谊依旧。新的交际圈，依旧忘不了最初的老友。我们的情谊就让时间来见证！",陕西 西安市
,骑*士,男,赛道用本田，飙车用铃木，泡妞用雅马哈，玩命用川崎。让你感受飞机般的速度。上车之前你的命已经不属于你，一切与你无关，一档破百，二档翘头，三挡暴力提速，四挡油门到底，五档爆表，六档用生命去追逐风的自由 四轮承载肉体，二轮承载灵魂，你只知道骑行的危险，却不知道我感受着它的速度激情，你在车窗里享受舒适，我在清风中享受自由，你嘲笑我不能遮风，我可怜你交通拥堵不能自理。你只看到我的背影，却无法感受我的激情，你有你的A8，我们有属于我们自己的机车，，,陕西 汉中市
lzy15229324675,西安焕然假发,男,"感谢快手平台，专注补发假发，为更多的脱发人士解决难题，欢迎咨询！ 
VX：15594141654
DH:  15594141654",陕西 西安市
a2002415guohanlong,王者（刺激战场）龙龙,男,"做人留条底线。不要把事情做得太绝了。对不起爱你的人，有关必回，诚信互粉，QQ:348408866
1微信18291981310",陕西 西安市
,柠檬汁5927,女,我感谢快手这个平台让我在这里认识了很多有缘人祝愿这个平台的佳人们每天快乐快手直播时间只要有时间就直播欢迎佳人们的加入昨天的离别就是今天的重逢陕西特产石榴柿子核桃五六月的银杏桃子也欢迎加入联系方式微信电话：182920177882HHJH.,陕西 西安市
dou19357,吖小甜妹＠,女,"QQ:2169148025





叫你滚就滚啊，不知道，过来抱紧一点儿就没事了吗？









我能不能肆无忌惮地扑向你的怀抱。








我是个宝贝你就得宠着我。








我谈过最长的恋爱,就是自恋,我爱自己,没有情敌",陕西 咸阳市
lj3055879421,Ta的眼里有星晨,男,"🌈：不定期更新，谅解😅

🌈：QQ：3055879421

🌈：不要随便乱评论一个人，毕竟你不了解他。🌝🌝

                               承蒙厚爱，感谢陪伴。",陕西 榆林市
,メ﹏鍠鈦孓（棍）,男,"世间俗人

QQ☞1626199110💪
   
    互粉私信",陕西 延安市
,‘刚’好遇见你👻,男,"👤他关注了你


相信爱情嘛？
相信你个鬼，你个糟老头支。😄但是我相信

少发脾气，按时睡觉，不要乱想，还有，多笑笑。🔞
       


       请留下你们的关注跟❤️。感谢🙏
  
       🐷年大吉
V:xuegang75  备注来意",陕西
qiao5520521,天蓬元帅◎八戒,男,V    gh17729045095,陕西 渭南市
,い散落漫天回忆的碎片QJ,男,"QQ:1316941493
微信同上",陕西 咸阳市
xqyc18182411683,囂張♠🙏,男,"以前很好  想的少  睡得早
还喜欢笑💤
QQ  1810552597",陕西 西安市
dxj1973dxj,吴堡挂面哥,男,"Vx，15319607095
生活有很多的不容易，简单快乐就好
看上去嘻嘻哈哈的我，心里装着多少
酸与痛，只是不愿意 表露出而已，
做好自己就行，唱自己的歌跑自己的调，让伴奏追的死去活来这就是我",陕西 榆林市
Love18992700042,a.甜味苏茉☁,女,"🙎她在关注你哦
余生陈小姐（小埋）🎐
俺要做陈小姐的宝宝❤

   🍥目标：2.5W🎐正在努力鸭

欢迎加入苏茉的养猪场⭐，群聊号码：739245496",陕西 宝鸡市
,凡姐姐辣条,女,"感谢快手平台，感谢各位老铁@2019*我们携手共进


V:    w394210392

V:    w18309101280",陕西 咸阳市
meichaofeng,梅嘲讽,男,"梅嘲讽唯一快手号 ✨

每天一条原创搞笑短视频！❤
请让我每天陪你2分钟吧~

V❤和围脖还是 梅嘲讽！😘",陕西 西安市
HY888123456,明星副导演（宏义）,男,"❤️工作合作 ：15657902202   不闲聊❤️
      ❤️你想和明星拍戏当演员吗？ 请关注❤️
      ❤️你想和明星零距离接触嘛？ 请关注❤️
      ❤️你想和我一起进娱乐圈吗？ 请关注❤️
龙套演员：阮宏义  爱好：追星  追星界的一哥
                 🧣博：IDOL明星拍摄 
有时间也拍电视剧，参演过的剧有《楚桥传》《择天记》《三生三世》《烈火如歌》《如懿传》《赢天下》《1千零1夜》《蜀山战记》《大泼猴》《新喜剧之王》",陕西 西安市
Xy32999999,周夫人家（时尚搭配师）,女,"周夫人家👗时尚搭配师   现场选款 实体直发 
每天直播时间 下午1:00  晚上7:00
客服上班时间 中午12:30
13309262696【V19】
zd10093【V17】            18991134758【V2】
15353639826【v3】     18292578718【V9】 15202930136【v7】
售后15029261650
投诉18109238889",陕西 西安市
QQ3173259830,🔱郭升很忙。,男,"一个不知名的段子手。
📡:  gs110120130140（广告勿扰）
🐧🐧群:1005025113（家人们进）
我这么个性，就不需要签名了。",陕西 渭南市
duli1234567890,忆当年  80后美食,女,"她的小店 下单👉👉她的小店 下单☝️☝️

✅❤️xqg1818666

胃❤️DL15991094261

回忆童年的味道🍭",陕西 咸阳市
djw168888,人在🚬龙图！！！！。,男,"💋单身。
💋陕西，定边 。
💋爱好喊麦，画画，蹦迪。
💋爱是一种遇见，不能等待，也不能准备。
💋最喜欢一首表达我的歌，郑源，一个人哭，感慨万千
💋微信号，hz 183922217511只愿等待一个哭诉迷离的我们",陕西 榆林市
dudu20170324,艾特💃辣条姐,女,"支持绿色快手，支持拍出自我。

感谢快手官方🔥  

感谢老铁的一路陪伴。 V: 17719679471

快手不倒陪你到老👍👍👍",陕西 咸阳市
,欣柔❤（迷妹）,女,"她在关注你哦
勿忘初心
  给你们快乐的同时自己也快乐
    超级宠粉

V❤  axr9557",陕西 西安市
lele19920217,假发的欢欢姐,女,"感谢快手官方🙏️

快手小店有你们想要的🌺🌺

2⃣号店➕My984614


        千万不要相信主动私信你们的任何人，全部都是骗子，很多人已受骗‼️",陕西 宝鸡市
,婷婷睡醒了＠🌸,女,"我每天都在笑 你猜我到底快不快乐🙃🙃

        

不碰感情🖤
                                        
合作 V❤：cf110110250




扣扣❤：2796555792",陕西 汉中市
ziyue099,梓玥 ❤️（承蒙厚爱）,女,"支持快手官方❤️

感谢官方的每个热门❤️

V❤️：g19829333583 （接合作）",陕西 西安市
ks100008,建筑工程🇨🇳 破5万,男,"工友联系工作平台。招收木工，钢筋工，混凝土，直属工人直接跟公司干。
 安徽工地联系电话15555988168
木工联系电话17695009586 微信Cmh17791938488",陕西 西安市
Yan15771958111-,陕西辣条姐,女,🙏🙏感谢快手平台💪！开心就好😊快乐就好😜                                                         双击666👏👏👏。     v1-17719679471。,陕西 咸阳市
jiefang1008611,长安最街访🌾,男,"西安街头的走心街访
记得关注我哦，要不下次热门有缘再见
jiepai1008611  (wei❤)",陕西 西安市
YC683371695,第五人格雨辰（破20万）,女,"单身（拒撩
最早一批第五人格主播）💕
第五人格娱乐主播 粉群922135374
威❤yuchenqq2824336296",陕西 西安市
,偷心萝莉（本尊）,女,"本人快手仅此一个号
v❤️: matafeiling 

❤️vb:偷心萝莉呀(有粉丝团)

❤️感谢快手官方平台",陕西 西安市
cl0310--,澈里里！,女,"裙子越狠 骂人越狠
欢迎关注全网最沙雕lo娘 

感谢快手官方平台让我认识了你们这些沙雕网友

🧣：澈里里c
瘦/白v：134 814 7444（在线等扩列qwq）
咸🐟id：澈里很大佬",陕西 西安市
,中文1z,女,"❤感谢快手绿色平台
❤感谢各位宝贝的支持
❤一件包邮（新疆内蒙青海西藏偏远地区不包邮）
4号V:     sd 286124
2号V:       312599231
3号V:      z18049492402
1号V :      18066802471
❤本店所有商品，不支持退货，有货换货无货换款（在不影响二次销售的情况下）",陕西 西安市
L2098098,瑶瑶大人♪,女,"感谢官方提供这么好的自我展现平台🍃



不负众望，努力

扣扣  2271083207

v❤️:lzh2098098",陕西 安康市
XK021024,许可❕,男,"别指望别人太多 毕竟谁都不是谁的谁

    QQ 1432267166
     
   👞 VX  xk1432267166",陕西
js888333,王者荣耀 - 情白,女,"❤️      感谢官方大大给的每一个热门😘
        
❤️      主职业边路霸主木兰宫本🥇

❤️      感谢你们那么帅那么漂亮还关注我😍ོ

❤️     🐧🐧1239805582   

❤️      真爱粉  可以改成情白的××  眼熟你❤️

❤️      情白的小窝836830707  周六周日带粉🔥

❤️  每天18:00-22:00直播   玳加vx:q18729861514备注来意",陕西 西安市
,傲娇呀❤（迷妹）,女,"不努力永远不知道自己离成功有多远，加油，你很优秀

推广：AJ200037",陕西 西安市
feier666829,BGM神曲,女,"搜集全网经典BGM.

            漫游音乐世界，倾听你我心声💕
  
          喜欢精典音乐麻烦给个关注🙏

       热爱快手，绿色平台💞",陕西 咸阳市
wangluyao,王露瑶。,女,"围脖:王露瑶Lucy
🍑宝：  王露瑶
威信:WMJN124578
这里找wo👆👆👆


水瓶座女生 感谢你这么美还关注我！",陕西 商洛市
ZHOUqq2733793751YY,泽锐❓（分享热歌）,男,"1⃣感谢你的关注🍀

       2⃣➕V:  ZR100006H",陕西 西安市
lr000502,僫行,女,vx:17730601853,陕西 咸阳市
dd24676789,丹丹诶~,女,"👤她在关注你哦
好人一生平安
脸上用的🙆‍♀️vx:2467678958（本人）
快来找我聊天吧！
转运🔮 wwwaiw-",陕西 汉中市
jhx2000_,西西n_,女,"感谢快手官方❤️

身高体重 168 100
♡: j458508997
🐯夫：ppxx52100

🧣：小小抱走坤坤（🔗）",陕西 西安市
LOL_QingFeng-YS,英雄联盟-浪子飞✨,男,"在下无名小卒浪子飞  S3末期老玩家🌪️

网易云Music🎵: 浪子飞吖

独创🍂冰拳流亚索 国服第一菜索🇨🇳

👤:1259083024   👥群:808512019

直男爱萝莉  对百褶裙没得抵抗力❣️",陕西 榆林市
,少侠哥［情感搞笑段子],女,"大号：少侠哥（专注王者荣耀）
此号发布各种王者精彩搞笑段子！
3D视角搞笑段子第一人",陕西 西安市
l3215367311,怪兽别跑♡……,女,"护肤美妆：
VX❤  LJ20021229（只加女的）

遇到你的时候上帝只对我说了四个字！
     它说“在劫难逃”❤   GJH

如果你认识以前的我，也许你会原谅现在的我！

爱师☞何温柔嘛❤",陕西 西安市
ld3032635951,你的歌者傲💫（烟酒嗓）,男,"珍惜上面的每一个人❤️

没有太好的运气，我只能奋不顾身的努力❤️

梦想破三万五❤️

Q群:961092708(新建)",陕西 西安市
ns123000,牛嫂🐮（电商达人）,女,"主动私信你都是骗子，售后投诉：ns123489 
v91:ns123091
v72: ns123072
V6:ks123946
V3: ka123916
V2: a17791944086
V30: ns12330
v6:ks123946",陕西 西安市
YH1010110,青柠Excel,男,"👇👇👇办公软件教学

v: sxcqh1😠记得备注

上班🏃太累，工资💰还低

想学点🎸东西，不知道学啥

大学学过💻，毕业全忘完

加入学习团队

学到了算你的

学不会算我的",陕西 西安市
,纸包鱼（总店）桃子爸爸,女,"晚10点～11点店内直播讲解
打造一流 纸上烤鱼（纸包鱼）
技术咨询V     CXJ868188
感谢快手官方正能量🏅💌 15291041322",陕西 咸阳市
,💕薇薇呀951,女,"感谢🙏大家的支持
双击💕点击➕收藏
V❤️18391931125",陕西 商洛市
,永恒之春Lolita,女,"店铺: EternitySpring-永恒之春Lolita
微博: EternitySpring-永恒之春Lolita
有些是模特拍的视频和照片",陕西 西安市
YuanYuansimple,小元元～舞蹈主播,女,"😘直播时间白天随缘播，晚9点到11点！

     私v：532842984
     鞋服推广v：872172596

😘请不要拿直播中的效果来评价现实中的我！台上做戏，台下做人！😘感谢每一个陪伴支持主播的人
业余舞蹈不喜勿喷！",陕西 西安市
,••••萌宠多多••••,女,"感谢快手官方给我们这样一个好平台展示

卫星：w1311916",陕西 西安市
chen1234567891234566,苗苗😁😓😔  😘,女,余生不多   记得关注 业务V：cm10851122,陕西 咸阳市
ZH2222888,嘟嘟有只小摩恩🐶🐶,女,"姓名:摩恩💘💘
性别:公举❤❤
带回家:2016.9.29💝💝
技能:睡觉~zZ   握手👐👐👐  坐下  卧倒！！！还有绝技😂😂😂吵架和撕家！！！
目前坐标:陕西 安康✌✌
😘😘😘谢谢关注我们摩恩的小可爱～",陕西 安康市
na19910614,三胞胎一笑倾城（四姐妹）,女,"🙏感谢快手官方，给我们记录生活的平台！
大女儿:五岁半  三胞胎女宝宝一岁半

感谢家人们支持！🙏




⭐1:sbt51666
     2:sbt51888",陕西 西安市
,怀远辣条哥🌶（创业）,男,"感谢快手提供的平台，支持绿色快手。
怀远手工辣条，上过电视的辣条，我只是在传承一种美味小吃！
喜欢的朋友可加v:huaiyuanlatiao888（17319922429）",陕西 西安市
,辣条小小兵👮,女,"🇨🇳
陕西传统美食


如果取关，感谢曾经陪伴，感谢官方提供好的平台！

V❤️：Latiao90",陕西 咸阳市
hpa199212,安少哥g,男,V感谢官方,陕西 延安市
ma097288,💋   馬破烦。,男,"男人本来就不是啥好东西，不多说🙃
      你有你的财富。我有我的幸福❤
           不是很多，但是很真🍃

90后滴。
    青海人在西安🍃
        快手只为娱乐
            V.946834940",陕西 西安市
,丹丹💋冲一百万（琪琪）,女,"感谢快手官方🙏🙏

谢谢小可爱们一直都在

❤️：D18710663890",陕西 西安市
,脱离直男,女,"感谢快手

恋爱助手   🧜‍♂️不免费🧜‍♀️

伸手党勿来!

需要的  喂❤：zh17638755416",陕西 延安市
