﻿快手ID,昵称,性别,简介,城市
A1231223,阿明说车（天津）,男,"导航搜索:天津诚购汽车
地址:天津市北辰区 新宜白大道
到店直接找阿明就行
🚗感谢快手官方 永远支持正能量
🚗阿明进入新车市场已经第6年 个人年销量约300台左右
🚗各种新车车型都能给您报个底价
🚗不限户籍 全国落牌 分期全款均可
🚗购车找阿明 不让您多花一分冤枉钱",天津 北辰区
Xiaoyu20141220,肖雨老师,女,❤️：13920141220,天津 滨海新区
,莹姐幸福女人,女,热爱生活,天津 河西区
GUOXIONGMAO521,小狐🌿👣🌿,女,家有7个葫芦娃和小金刚一枚，他们都是我的宝贝儿，和我一起走过风风雨雨，相依相伴，感谢快手官方提供平台，让我在这里认识一更多养宠爱宠的朋友,天津
AC15526795533,🌊天津小超🌊,男,"🌊感谢快手官方搭建了这么好的平台🌊                                        聊车➡︎WX15526795533 
🚘做事先做人  诚信为本
感谢大家的支持",天津 滨海新区
,逗逼哥小新🔥冲刺5W,男,支持新哥没坎坷，前方一路小平坡，⛽️。                                 V❤️：doubigexiaoxin,天津 西青区
tengjiaomengshu,天津萌叔叔,男,记录生活，记录美好瞬间,天津 宝坻区
Xiaoxinxin970920,名字暂时就叫冯建新🍒,男,"♡不抽烟酗酒 生活规律  无不良习惯嗜好
♡身高一米八 体重一百四  热爱美食 热爱生活
♡97年毕业生 大学三年不向家里要一分自足生活
♡日常中同款低脂早餐  🥯 ♡ ery19970920
♡给自己一个可以自足的生活吧👆 ♡ l1xuyan234
♡向往的生活不仅仅要努力更重要的是跟对人♡",天津 滨海新区
Tb1530430,李欣肚大能撑船,女,"🚗感谢快手官方给我提供怎么好的平台🙏🙏
       
🚗东北妹纸，在天津。 不做二手车🚗
💗私人➕卫星❤️15940058645（微信同步工作号不聊天）
  💗做人先做事.交人先交心.以诚为本 赢天下",天津 滨海新区
,蓟州✨佟五哥✨NZBZ,男,"✨NZBZ👍勇者无畏✨南征北战✨不服就干✨

✨四海为家皆兄弟✨

✨感谢快手官方✨

✨让我认识了那么多兄弟姐妹✨",天津 蓟州区
Q2019_yining,爱家主妇.,女,我是96年农村宝妈，我呢喜欢收拾屋，喜欢买各种摆设，毛绒玩具，有和我一样爱好的关注一下我，每晚不定时直播，聊聊你们怎么收拾摆设自己的小窝的😄(每天晚上7_8点直播),天津 蓟州区
,天津平行进口车勇弟,男,"微信13821977440
🙏🙏🙏感谢快手官方给予这么好的平台
🙏🙏🙏感谢这么多朋友的关注
平行进口车专卖，主营：奔驰，宝马，路虎，丰田，日产，等各种品牌豪车。
有需要的朋友加V 13821977440",天津 滨海新区
,伊博．,男,"感谢官方，感谢关注🙏
但行好事  莫问前程．
网红活动战地记者
全国户外搞笑😄
喜欢的➕关注
感谢🙏",天津
,护肤养生馆『龙家军』,女,我最喜欢交朋友了认识一下，你愿意，关注我一下谢了,天津 宝坻区
JJJdt666888,地毯百搭加私,女,"🙏感谢感谢🙏官方给我这个平台感谢那么美的你还在关注我
我是武清地毯之乡的，如果你家想买地毯不知道配什么合适，地毯百搭加私教你！
各种卷材，客厅地毯，卧室地毯，门垫，应有尽有，图案可以制定，厂家直接供货

直销，我们只做高质量，低质量盗版不会有

截图～加微～转米～发地址
维❤️18522658403",天津 武清区
lg13821911118,天富鸽业－李钢,男,"微信号13821911118  
2016年宇航公棚530公里（6914羽）287名
2016年宇航公棚530公里（6914羽）550名
2017年兆丰公棚500公里324名
2017年兆丰公棚500公里667名
2017年兆丰公棚500公里700名
2017年信泽公棚500公里516名
2017年宇航公棚530公里40名精英赛9名小团体23名之一530公里决赛（22取1）900第22名600组（苹果手机）第14名400组（钻戒）第9名",天津 宁河区
Anhua2266,AK_教育团队·安华,男,"感谢快手搭建平台👍👍👍，感谢🇨🇳🇨🇳🇨🇳✌️
大家好！我是安华老师🙏🙏🙏

擅长日式中发，长发，风格剪裁及烫发🔥🔥🔥
重点推荐快速造型烫，以线条纹理松柔为美……
以简单实用、学以致用、快速得到的结果👏👏👏

#日式商业剪裁、烫发课程#
5月20号第四期马上🈵️了
6月份第五期已经报名5个了
7月份第六期火热招募中🔥🔥🔥

vx：AK2017501",天津
,爱跳舞的梓琳,女,爱跳舞，爱美食,天津 武清区
QQ7789804364,【〖丫头〗的熊孩子】,男,啥也不说了，,天津
Yujiafuzhuang2019,雨佳小窝,女,"❤️我是一个不甘于现状的，90后带娃宝妈。每天分享美美的孕妇哺乳衣。喜欢的朋友留下你的双击➕关注吧。
♈️🆔hgh1032561736
微博名字，雨佳小窝
❤️❤️现在只有这一个快手号哦！大家不要认错！
❤️感谢大家的支持！❤️
❤️感谢快手提供平台！❤️
❤️❤️不念过去，不畏将来。努力过才不会后悔。",天津 静海区
Anna20070905,红魔V葳❤️的MG,女,"感谢快手平台
超爱刘威葳
不互粉
不想火😂
PS：黑粉们啊，我再告诉你一遍啊，刘威葳，你们动不起！
她在MG这里是仙女，若在你这不是，请把她还给MG，MG来宠❤️",天津 滨海新区
KW19861202,886不开心时尚穿搭,女,"感谢快手官方提供的平台
有需要家居服的联系我，质量绝对保，比某宝，某猫上都要便宜。",天津 红桥区
liangaizhen,Q  闪  Q  靓,男,感谢快手官方，传播正能量。,天津 北辰区
,🔥『阿 巴 达』,女,🇨🇳给我一个拥抱，❤️我会还你一个明天。,天津 滨海新区
,淑王殿下👉,女,"第一排先表白官方小哥哥❤

喜欢交朋友   但不供祖宗
来日方长，让我目睹了人走茶凉🍂

所谓的一见钟情，都只不过是见色起意
所谓的日久生情，不过就是权衡利弊
就连白头偕老都只不过是习惯释然
这就是所谓的爱情💔",天津 河西区
,诺依宝贝Love,女,"感谢官方
感谢快手可以在这里认识每一位朋友",天津
R111111119,✨撒旦的眼泪💔,男,"在苦也要微笑😛在累也得生活👫干吧🤑加油👍








2019/4",天津 宁河区
,付小欠☔︎,女,"🙄☞嘛也不做了，，🤪
🙄☞
                           ☞💋嘿内是✍我家傻狗
                                                                             🐶🐶🐶🐶",天津 蓟州区
lixing889911,奋斗 （鑫）,男,感谢官方快手给的绿色平台 以后要珍惜快手互联网时代！我的快手号lixing889911,天津 滨海新区
,郭四姑娘❤,女,"❤:1275562524
❤感谢快手官方平台🙏",天津 滨海新区
w779555235,一生一世不过转眼一刹,男,"微信15030515146
主营电动两轮三轮四轮车
新的旧的都有，便宜的600道贵的四轮一两万都有，需要的老铁可以加我微信，骗子死一家。",天津 武清区
,\（^o^）/YESZG,男,狂浪是一种态度🏄🏄,天津 东丽区
,随缘的等待✔,女,父母在不远行,天津 东丽区
mdzz1997,ﺭ༺࿈磊🙏哥࿈༻ﺭ,男,"所发视频，都是我觉得有意思的，不求双击，只求留下你的脚印

地址:天津市北辰区北仓镇王秦庄村李小铺胡同3号",天津 北辰区
tjbz666888,天津包子技术,男,"感谢快手给我们提供绿色的交流平台

专业天津包子实体pei训18年，受邀央视

《影响力对话》路一鸣老师专访和天津

dianshi《都市报道》专访，本人技术愿与大

家共分享。

电话同微   13820400348     

佰度津都食尚包子可进官网",天津
leiyanxinyan,❤颖颖颖,女,v星 13116016590,天津 宁河区
lD888888gl,追狗🐶🐶哥,男,不求富贵不求有，但愿大海变成酒，终日躺在沙滩上，一口浪花一口酒。,天津 滨海新区
PC1755661325,Pc.周帝,男,℡、Pc.在这忙碌的人海中只为和你相遇。,天津 滨海新区
,《》望天空《》,女,每个人都有自己不同的角色，演好自己的角色才是最棒的,天津 西青区
dfb15122928254,定风波061,男,专职律师，专注生效法律文书执行事务。,天津 武清区
xlg556688,小龙哥.没坎坷,男,你与车的故事和世界！销售行业余段子手，不忘初心，方得始终！vx:along6666888888,天津 滨海新区
dayong15900255166,沧州勇哥441,男,啥都爱好。我知道一生会很快，望长辈安康，小辈健康。老铁们快乐。嘿嘿嘿,天津 滨海新区
q18020048616,a猎艳传奇,男,本人喜欢钓鱼，看电影，话剧，看书,天津 静海区
QQ666520228,小辫儿╰☆张云雷（互）,女,"相思赋予谁
小辫儿张云雷❤❤❤❤❤


陪伴是最长情的告白， 
相守是最温暖的承诺。 
思念是最温情的等待。 
忠情是最痴迷的等待。 
默契是最无声的情话。 
离开是最无奈的释怀。 
守候是最永恒的承诺。",天津 津南区
axm001001,养生专家～小马老师,女,"感谢快手平台提供绿色直播通道
感谢老铁们对小马老师的支持
想去湿，瘦身，调理身体的可以➕小马老师微987319270，备注快手粉丝
直播时间：早上6：00 中午13:00 晚上21:00
周末早上7:00，晚上9：00
直播间分享更多养生常识，推拿手法，瘦身疗程。",天津 和平区
,锋行天下972,男,站内联系,天津 宝坻区
,名~难起,男,认真玩绿色平台的快手。,天津 河东区
Dapang16888,大滨火爆鱿鱼烤冷面,男,大滨火爆鱿鱼烤冷面铁板串串中信广场宋氏土豆粉旁出摊，微信15320030779😍😍😍😍😍😍😍😍,天津 武清区
,泥大爷，潘大大,男,一切从零开始加油吧！,天津 宝坻区
QLQLQL7777777,清澜（津）,男,"👦他在关注你哦


不开直播，乐呵乐呵完啦，大悲大喜看清自己，大起大落看清朋友，将心比心无需介绍！💪💪💪",天津 河西区
z99999wy,遇见 _,女,zx,天津 红桥区
LQ19880124,Smile丶LanYu,男,懂得珍惜，才配拥有。,天津 蓟州区
ganxianggangan880109,敢想敢干的,男,感谢快手官方............,天津 蓟州区
,海钓俱乐部$,女,喜欢海钓的朋友互相关注一下  ，没事的时候互相切磋切磋，一起钓钓鱼,天津 滨海新区
YANGJINGJIN8,（ζั͡久ꦿ久ิ）,男,男,天津 西青区
,小G818丶,男,"2019🐷年
🐧2530163000",天津 滨海新区
luomantike,守护高老师717,男,压力山大,天津 北辰区
,阿源654,男,感觉自己长大了,天津 蓟州区
,新军586,男,相信自己，你可以的为自己的明天加油！,天津 武清区
Xiaohuniu5211,想出国劳务的找我,女,"出国劳务公司，推荐你去我最有把握的地方
有意者➕V lian52115211",天津 和平区
a20101229,硬汉101229,男,好好的活着我们会  死的很久,天津 宝坻区
GS--KZYJ18622928733,¥广善＄空中瑜伽,男,京津冀地区专业安装进口空中瑜伽吊床，吊盘式钢管结构式等多种设计方案，瑜伽吊床各种颜色齐全各种配件均为进口，还有多种材质艾扬格墙绳包安装。本人经营多年有丰富的经验和设计方案并为本市大量瑜伽馆及个人安装欢迎各大型瑜伽馆及个人联系洽谈，本产品承诺终身免费维修随叫随到,天津 东丽区
As816816,骑着毛驴儿闯红灯！！,男,微信15933692689只是娱乐，给朋友分享不一样的风景。,天津 河东区
CLM801611,凡凡5562,男,我最大的优点就是没有优点,天津 东丽区
lian5200310,且行且珍惜80832,男,相遇是缘，前生五百次回眸，才换来今生的一次相遇,天津 滨海新区
Niubikelasi66677,工地杜兰特,男,只想像阿杜一样洒脱想去哪去哪,天津 武清区
z826809296,💋赵阿妖,女,人世风灯   向死而生❕,天津 东丽区
a684465836,天津金宝利环保有限公司,男,专业生产工业用活性炭，酰胺，聚铝，cod去除剂。,天津 北辰区
xiwei199404,天津王兰庄狼道,男,"🙏🙏感谢快手提供这么好的平台
     
档口位置:王兰庄温州国际商贸城B座一楼192号狼道
  8号客服  💁🏼‍♂️JAF02862 主加
  1号客服   💁🏼‍♂️xaw3232  已🈵️
  2号客服  💁🏼‍♂️hw199404 批发主加
  6号客服  💁🏼‍♂️
   
初来乍到。大家多多关注哦！😄",天津 西青区
,♚浪荡绅士,男,做个俗人，贪财好色！,天津 静海区
mlovey0914,张三岁啊←,女,"相思赋予谁 小辫张云雷💚💚💚


求图 私信一定要点个关注 要不想给你发也发不了",天津 红桥区
lin785666799,林9000000000,男,v18526723772,天津 静海区
jing686868w,静儿 教化妆❤️❤️,女,"感谢快手这么好的平台 越努力越幸运。  
        
来都来了留个关注再走吧❤️❤️🙏🙏
        
后期会给大家直播化妆
        
微➕jhj0️⃣1️⃣2️⃣3️⃣4️⃣5️⃣6️⃣",天津 南开区
yibo0028,一卜이 뽀在天津,男,(官方推荐)🇰🇷CHAHONG驻中国合作品牌AS Hair创始人，气垫烫研发者，喜欢韩式发型可以关注我，总一款适合你❤️❤️ 大众💇🏼AS Hair salon💇🏿‍♂️ 一卜이 뽀VX:yibo0028,天津 和平区
,艳姨私房菜,女,"💖大家好，喜欢做饭的关注，家庭做法，不喜勿喷！

💖本人天津的，minge359w7（备注来意，不会主动➕任何人，不闲聊）

💖民以食为天，食以味为重",天津 滨海新区
xiamei521521,任性霞妹💋（50万）,女,"💋上午9点    下午5点半    晚上9点直播
💋感谢官方给予的平台！感谢官方哥哥给的每一个热门。
💋用最初的心陪你们走最远的路，感谢承蒙厚爱!爱就是种感觉与金钱无关。随缘主播
💋铁粉马甲(任家军xxx))唯一小号搜索(小腰霞妹)",天津
zichenyou,刺激战场猫白💫,女,"他在关注你哦                 RNT战队队员
一商18届.不互 小姐姐看脸回
🐬带粉群626243152   上学原因周六日直播

🐬拍段子可以私信我  声优怪优先

🐬感谢陪伴  承蒙厚爱❤️  梦想百万粉丝

🐬私人Q2418595633   

🐬有钱不买收音机  专听你白吹牛逼😛",天津 河东区
V1475701706,安奈儿༄安安,女,"身高：170   体重：110     生日：8月7日

直播：晚9：00-11：00

周末直播时间不固定
  
处女座   不善言语

鞋子❤：1475701706

主播同款打底裤❤：anan87171（客服24小时在线）",天津 西青区
tianyi97888,天毅说车,女,"🚗平行进口汽车专业讲解🚗

    💁🏻‍♀️用爱传递正能量，用心凝聚同道人💁🏻‍♂️                       

                        ❤tianyi97888
            🙏感谢老铁一路的支持和陪伴🙏",天津 滨海新区
YZ5552220000,如果我是个爷们,女,"🌹本人来自美丽山城重庆——云阳

🌹工地塔吊司机，驾龄六年，腾讯或百度可搜索—90后辣妈当塔吊司机……了解我的心路历程

🌹生容易，活容易，生活不容易，再苦再累都会一直走下去……

🌹感谢关注支持我的老铁还有官方每次的推送和热门

🌹🚀+v，休班2:30直播",天津 西青区
zkk167167,大胃王_牛牛,男,"前方高能 请勿模仿

我来啦！吃不饱的牛牛
闲杂琐事v❤️13302028011",天津
w13931636115,萝卜哥（全村人的希望）,男,＋V（17058012666）（www686844）（979582071）感谢快手老大给我一次展示的机会，不会辜负官方的培养，踏踏实实做人，认认真真做事 ，不辜负客户希望！希望大家能支持一个农村创业的小伙子，把最好的农产品带给大家！,天津 武清区
WX_cu12345678,路程、何哥,男,"能说会唠，精神有道
人狠话不多，我是你何哥

微💕cu12345678

感谢快手官方提供平台
快手不倒陪你到老",天津 蓟州区
huisan940303,女生穿搭日常,男,"💘感谢快手官方提供的绿色平台!💖
💖VX：hui02220303
❤️VX:   X888888L8
❤️我负责教你穿搭，你负责美貌如花!👗👗
💘每天更新分享穿搭，多多关注我哦！",天津
zmy868686,小九JOYIN绘🌸,男,"叫我九爷   小九都可以
  
别挑逗爷     爷会热情似火

空闲时间会直播

 扣:2980579721
  
 威信:zmyiimeng

 一群:674793964

 二群:304018694",天津 静海区
,津港平行进口豪车,男,"感谢快手官方👌
传递正能量✊
喜欢车的老铁们给个关注.抱拳了🚬
每天更新不同车型🚙
坐标👉天津港保税区
VX：17627885673（电话同号）",天津 滨海新区
qinjw1990,西莎烘焙西点职业学校,男,"感谢快手平台
天津西莎烘焙西点职业学校
全能烘焙班
精英翻糖班
常规裱花班
法式西点班
韩式裱花班
饮品咖啡班
私房网红班
欢迎参观学习
vx.15142537520",天津 津南区
ajun11111111,是阿军呀～～～,男,"⭐️分享日常生活


🎗2019活出最精彩的自己


👐小号直播：小阿军呀（小号直播）


⭐️是阿军没错🤔


💄美+ajun000002（不闲聊）",天津 静海区
,穆斯穆,男,有空儿更新ins的热门视频！,天津 南开区
wyl66784,💄💋莉姐，,女,"🍀感谢🙏🏼快手官方提供的平台！

🍀越努力，越幸运！

V:  wh

6️⃣6️⃣7️⃣8️⃣4️⃣",天津 宝坻区
handaxianeraichirou,韩大仙儿爱吃肉,女,微博 ：韩大仙儿超酷 工作vx：hanyunqian0525 （不闲聊,天津 红桥区
yan275990,妍baby  🍓,女,"❤️ 
                    
Q：3124315318


不忘初心🍓️",天津 滨海新区
YJLWAI888,男孩♡ girl,男,qq2589652523,天津 南开区
Q2082156536,天津港 王优秀,男,"个人VX💓13011366370   私信太多 回复不过来 有事加V吧 老铁们担待一下🙏🙏🙏

感谢快手这个大平台让我们在这里相遇

每天晚上8点改装厂给各位老铁直播唠唠车",天津 滨海新区
,大峰车（感动陌生人）,男,"🔥感谢快手官方给予的平台🔥
🔥路虎免费送你回家第一人🔥
🔥峰向标大队 创始人总瓢把子🔥
🔥感动陌生人 让感动传递下去🔥
🔥每段视频都是随机拍摄 力求真实🔥
🔥每晚九点直播 讲故事 PK绝对刺激🔥",天津 西青区
AA824853893,皮总🔥🔥🔥,女,是谁这么优秀关注我⁉️本人喜欢美‼️美到无药可救‼️                              ➕V824853893,天津 南开区
WX13920912002,天津港强哥【立奥中天】,男,"感谢快手官方平台，快手不倒陪你到老！
丰田   奔驰  宝马  路虎   宾利   法拉利  福特   
皮卡   房车  飞机  大炮   火箭弹  飞船  
买卖最重要的不是价格，是诚信！没诚信，一切都是扯淡！
诚信赢天下❗
唯一快手ID:WX13920912002",天津 滨海新区
wzx571549318,渣女💔️彩霞,女,"拿图加Q：3457268794
只在这周末发图，周一就不给了
只发最近的，之前的没有
爱官方，爱热门❤️
活跃时间：周末💕️",天津 武清区
yutian0524,小妲己【打】,女,"-   老大散打哥。     立场：祁天道、🏔
         
-   93年的老阿姨、身高173cm 
    家人马甲：XX（❤妲） 
❤:  Yu0524tian(不是私人，你们看着加）
   
   本周好大哥：獨寵錺芯
   
   💗不会主动加任何人！谨防受骗！财务自理！💗

     莫问前程如何，但求落幕无悔。",天津 河北区
shiyupeng13752777955,定子务垂钓园,男,"感谢快手平台相交各路朋友
水电人生
钓鱼乐趣
广交好友
互粉人脉
感谢快手平台
V号：13752777955
干就完了
又不是没有条件
弄就是了",天津 武清区
YJL7777777,天津港杨金磊,男,"感谢官方，感谢快手这么大的平台，让我们在这里相遇

自强不息 地势坤 君子以厚德载物     诚信重千金。

真心对待每一朋友   你们的支持是我最大的动力

双击关注我   让您们更真实了解天津港

VX飞机✈️18222789333

每周一周三周五10:00直播",天津 滨海新区
TIAN52019,郑锘潼特别酷,女,"网易☁️：Fashion潼

🛒🎽：tzzt1019（接推广寄拍）

💼👜美物：erletang （非本人回复）",天津
VIP1688FAFA,宝坻帝牌卫浴√新哥,男,"帝牌卫浴经销商，大牌品质，值得选择。
V13802010328",天津 宝坻区
ab18630875372,Jay＿伦☆,女,Jay Chou周杰伦,天津 东丽区
,蓟州（宁哥）🎈🎈,男,"感谢快手官方这么好的平台，支持正能量。
你们好：我是【蓟州绿化，小宁】让我们美化整个中国🇨🇳
v❤xiaoning19870312",天津 蓟州区
As1824248298,✎  七瑾年ღツ,男,"人生若只如初见








 ｖｘ：v1824248298",天津 和平区
Yu18522563765,鑫蕊半永久美妆,女,"荔隆广场鑫蕊美睫
V18649177208
每晚七点直播",天津 武清区
,❤️大甜❤️,女,"不卖东西，也不是商家。
免废领取淘宝天猫隐形优hui券，免废做you惠券群主😍

免费领券还能赚佣金，自己下单佣金归自己可提现🙊
邀请码：5W88YQK
花生新人找我铃红👛👆🏻👆🏻👆🏻
客服：LJKKL99

花生日记不是商城，只是淘宝的一个入口
领完优hui券会自动跳转淘宝下单
下单，售后都还是在淘宝👆🏻👆🏻👆🏻

感谢快手官方❤️❤️❤️打造绿色平台",天津
,心想事成R6akyj4O,男,一个人在I地好狜独继莫，连个说话的都没有，大伤感了。,天津 滨海新区
,津城刘华强💋,男,"感谢快手官方给予绿色平台

不求大红大紫，只求一路长青

不定时直播，电子琴爱号者，不喜勿喷

谢谢大家支持，大恩不言谢！

希望给小老弟一个展示的机会！

+V374143927",天津
FHY1FHX2FHL,同路人☞幽冥,男,"作品不是死的，本人会发不同的作品







QQ:3168534440",天津 武清区
,走进温暖的港湾,女,"私人V❤: MM1534998392
走过的路，才知道有长有短；经过的事，才知道有喜有伤；品过的味，才知道有涩有凉。",天津 武清区
,虾米，小鱼！,男,宝山吸塑包装制品厂，主要生产吸塑包装，纸盒包装，礼品盒等，欢迎您的光临，有须要的朋友联系吧！vx15022141170,天津 武清区
H78966948,舒心晴BaBy,女,"❤️感谢快手这么好的平台❤️
本人90后宝妈一枚
宝宝破壳🐣日👶🏻：2017.12.25
女宝一枚❤️乳名：舒心
愿所有的宝贝都被时光温柔对待❤️
💕喜欢化妆，护肤，正在努力中……

变美➕V:     hyq717905521",天津 武清区
,进出口汽车贸易涛弟,男,"🚗VX15022428080🙏🙏🙏                                                              🚗感谢快手大好平台🙏🙏🙏
🚗感谢快手平台上我们相识🙏🙏🙏
🚗我愿真诚相待，诚信为本，感谢🙏🙏🙏
🚗许人一诺   千金不移   诚信",天津 滨海新区
,草莓味的猫·,女,"☺喜欢进口车的朋友 可以关注我  每天给大         家更新进口车和降价车型
😙想了解进口车价格的朋友可以加我VX
😊TEL：15620213272 微信同步",天津
xiaoheihei56789,相声直播🌴小岳🌴,男,"💞感谢快手官方提供绿色平台
🍀征集全网最有趣的段子    24小时直播
💞     胃❤xyfm56789        （备注来意）
💞视频制作不易💍互相交流学习
🍀一个茶余饭后  四处寻找有配音的奇才
🍀谢谢这么好看的你关注我呦~biubiu ~
🍀感谢宝宝们一路支持与陪伴
💞传递正能量   从我做起
本人郑重说明不是他们本人~只是忠实粉丝一枚",天津
shichenO8,天津无痕接发东尼AS,男,"石家庄7家门店
天津2家门店

同时天津店 招聘设计师100名

预约V❤️ 18080800525",天津 和平区
,艳姨私房菜,女,"💖大家好，喜欢做饭的关注，家庭做法，不喜勿喷！

💖本人天津的，minge359w7（备注来意，不会主动➕任何人，不闲聊）

💖民以食为天，食以味为重",天津 滨海新区
,大峰车（感动陌生人）,男,"🔥感谢快手官方给予的平台🔥
🔥路虎免费送你回家第一人🔥
🔥峰向标大队 创始人总瓢把子🔥
🔥感动陌生人 让感动传递下去🔥
🔥每段视频都是随机拍摄 力求真实🔥
🔥每晚九点直播 讲故事 PK绝对刺激🔥",天津 西青区
wzx571549318,渣女💔️彩霞,女,"拿图加Q：3457268794
只在这周末发图，周一就不给了
只发最近的，之前的没有
爱官方，爱热门❤️
活跃时间：周末💕️",天津 武清区
zichenyou,刺激战场猫白💫,女,"他在关注你哦                 RNT战队队员
一商18届.不互 小姐姐看脸回
🐬带粉群626243152   上学原因周六日直播

🐬拍段子可以私信我  声优怪优先

🐬感谢陪伴  承蒙厚爱❤️  梦想百万粉丝

🐬私人Q2418595633   

🐬有钱不买收音机  专听你白吹牛逼😛",天津 河东区
L17702205269,🍌李蠢蠢.,男,"同款🎸vx：a528064062
（同本人微信😋）

在疲倦的生活里
就要有些温柔的梦想
我在努力👋

                  关注我你就是我的人啦❤️  点歌私信",天津 武清区
luntai88,轮胎粑粑,男,"🐶金毛：轮胎  4岁 

参加过央视《国庆七天乐》《星光大道》《越战越勇》《2018新春喜剧之夜》等等。

🍑宝：轮胎宠物用品    店铺号：8228309 

微博：金毛轮胎     胎麻快手ID：aa666888",天津 滨海新区
H18602238368,韩金丽..,女,"👯我的日常生活啦~


👯一个积极乐观向上的人~


👯💄美＋V:hlenvshen


👯创✌＋V:hlenvshen",天津 静海区
yan275990,妍baby  🍓,女,"❤️ 
                    
Q：3124315318


不忘初心🍓️",天津 滨海新区
Y-ing0608,请叫我--小影,女,"小影唯❤ 15530745119（Mai手机膜 非诚勿扰）
星耀微❤18713709149 （设备技术教学 自己干）
感谢快手官方给予这样一个好的交流平台",天津 静海区
,恒泰地毯家私2号店,男,"水晶绒地毯，欧式地毯，简约北欧地毯等各种材质地毯，支持批发零售，

VX:  1号13920478787(以满不在加人)
      : 2号18698008645可加
       3号13821261618可加
新疆。西藏。可以发。运费加多少联系客服。

不看评论私信。不主动加人。大家谨防受骗！",天津 武清区
lihua576149989,沫沫✨✨、,女,"🙎‍♀️她在关注你哦
😘不求大红大紫，但求一句长青
😘我会用最初的❤️陪你们走最长的路
😘白天下午两点  晚上八点直播
😘不忘初心  方得始终         穿云箭+V",天津 西青区
w13931636115,萝卜哥（全村人的希望）,男,＋V（17058012666）（www686844）（979182071）感谢快手老大给我一次展示的机会，不会辜负官方的培养，踏踏实实做人，认认真真做事 ，不辜负客户希望！希望大家能支持一个农村创业的小伙子，把最好的农产品带给大家！,天津 武清区
,是萝莉卑微了,女,"-.              
             总之岁月漫长然而你值得等待

V🛒: 15222677211      Wechat.🔍 孙月很乖

  🐯 言西早安.",天津 西青区
Xiaoxinxin970920,名字暂时就叫冯建新🍒,男,"♡不抽烟酗酒 生活规律  无不良习惯嗜好
♡身高一米八 原体重190现在138通过规律饮食👇
♡①号💜ery19970920 小哥哥本人回复哦
♡②号🧡l1xuyan234  小哥哥本人回复哦
♡向往的生活不仅仅要努力更重要的是跟对人
♡大学三年不靠父母一分钱自足生活  97年小哥哥",天津 滨海新区
CZZ07235017,_超、纵者࿐,男,"🍀感谢快手官方给予交流的绿色平台_
朋友们         V❤  yxlzc99
早9:30👉  播到自己满意（涨）
晚9:00👉  播到说不出话（涨）
 需要回关的朋友请移驾直播间     
      我的原则就是你真我更真、
                                  
                               你假我转身_
     日久不一定生情   但日久必定见人心_",天津
,有狗狗和熊仔陪伴的日子,女,"💛分享视频只为记录宝贝们的日常~感谢官方大大👏

❤支持科学喂养🐹❗拒绝合笼🐹❌拒绝水洗🐹

🍑 宝 店 :  威化饼家的小卖铺   🐹交流vx:  ai6688wt",天津 北辰区
huwenlu1314521,AM色彩创始人阿文,男,"多一些真诚，少一些套路

学习VX:1536764455",天津 河东区
FT15022242678,大超子（亚迅）天津,男,"感谢快手官方，快手不倒陪你到老

🚗靠的是能力，🚘看的是实力
🚗用的是脑力，🚘做的是毅力
☎150 22242678不加V
       VX ~17502214369   
每晚九点直播聊车",天津 滨海新区
PSC13116003651,老迟说锤,男,破碎锤及挖掘机属具经销商，提供挖掘机破碎锤和属具销售，安装，使用咨询。也许您正需要而我正专业。weixin 13116003651,天津 南开区
TL18526083844,台球👆佟璐,男,"黑龙江省齐齐哈尔人，现居天津，来力签约球手！
微信号:taiqiutonglu8888",天津 北辰区
ZC15122451111,陈总8888。,男,感谢快手平台 让我认识了这么多好朋友 广交天下所有快粉们 支持NZBZ 支持原创作品 我会尽我的努力 把段子拍的更好  我也希望我的快手能给社会带来正能量 视频里出现的车 都是自己购买 绝对不会去租车 大家别喷我。冬天室外拍摄不易 希望留下双击♥️和评论 每天下午六点直播,天津 蓟州区
,淡忘10155,女,"感谢官方快手平台能让我认识这么多五湖四海的朋友，把好的心情分享给大家
🌹🌹🌹🌹🌹🌹💃💃💃💃💃💃
不要在奋斗的年龄选择安逸，双击加关注送上你的❤️
❤️V：zsl1286758694",天津 武清区
xiaojingang,小金刚$$$,男,快接单v：nxa161,天津 西青区
