﻿快手ID,昵称,性别,简介,城市
qq77145320,飘荨港姐（香港直播）,女,"职业：小白领（朝九晚五），被工作耽误的小主播😄🤝

十几岁北京读书后移居中国香港🇭🇰7年，永居身份！曾在《瑞丽》杂志社总部实习！
香港不是只有兰桂坊，带你们深入香港生活的方方面面！
我不追星，但是在香港我经常偶遇明星😄🤝！
庙街铜锣湾旺角尖沙咀走了几百遍的那个女孩就是我！

飘飘何所似？天地一沙鸥！
荨：草根生养

港村玩快手普通话最好的主播，不接受反驳🤘🤘
唯一小号：飘荨港姐（香港攻略），别被骗了",香港
haiouzuhe,🇨🇳海鸥组合🎸,女,"感谢官方 快手记录生活！
每晚7-11:30户外演出直播！
直播号：haiouzuhe312
定位：美丽的西双版纳！
合作微：haiouzuhe",香港 九龙城区
BaiBaihenku-,柏什么,男,"穿的: baibaihen6

感谢陌生人陪我偏头痛",香港 中西区
,爱丽丝的小红屋,男,There is the most dynamic dance here.,香港 九龙城区
sheji888,高级设计师阿强🖥,男,"🖥感谢快手官方提供的平台！
📤📤专业制作室内3D效果图、720全景图
📱外地可设计！🌍设计加V:   sheji6️⃣8️⃣6️⃣8️⃣6️⃣8️⃣设计收费！（记得备注地区）",香港 北区
fm980627258,香港🇨🇳肥姐,女,"每天分享香港旅游  房价工作最新资讯
          关注肥姐港澳不迷路
感谢快手官方   争取做绿色直播间",香港 九龙城区
nc915800,全国闺蜜团冠军选拔赛,女,"她在关注你哦

感谢官方大大",香港 元朗区
an6669992120,大话西游2白鸽·🕊,女,"❤️

❤️

❤️

愿你迷路到我身旁🌿

感谢关注 希望一路有你陪伴🌸",香港 沙田区
mzj031222,a'ゞ浪子（破万）,男,"爱官方  爱热门  每个热门双击来之不易

古有关公万人迷  今有浪子万人迷

澎湃社会澎湃人  澎湃浪子最撩人

希望大家多多支持

高低依旧",香港 九龙城区
weizhe211,ㅤㅤ 小哲不需要女朋友.,男,不互粉不加qq不加微信谢谢合作,香港 湾仔区
a15251580523,亮仔✅已认证💯,男,"⚡做图不易，多多谅解⚡


破1000粉丝💨             不闲聊",香港
,狙心酥酥,女,QQ：3263524196,香港
p521999q,♬ 晨晨℡,男,男人必须扔掉三样东西；不适合你的鞋.心里没有你的女人！逢场作戏的朋友。男人必须拥有四样东西；杨长脸的自信.长在心里的善良.融进血液里的骨气.刻在生命里的坚强。,香港 南区
Leyn11111111,S   XT.,女,🖤™,香港
SY123445566,君  臣？,男,"交友不交狗
收徒
vx：15993438333",香港 九龙城区
,🌹✌Smile🔥騷姩🐧✈,男,"谢正江的扣扣号能值￥38957人民币呢! 你的能值多少呢？测试地址【<a href=""http://url.cn/ey735G"" target=""_blank"">http://url.cn/ey735G</a> 】",香港 湾仔区
,杨阳,男,😆😄😜,香港 观塘区
L857144086,☞阿旺℡,男,"年龄     90后

职业     货车司机

车型     前四后八  270马力
👍👍👍",香港
Cool6910,AH（震八方）,男,回头是岸啊，我的路还很长,香港 屯门区
zgl208856139,张公子（老友）,男,"可笑吧

●━━━━━━─────── 20：20   ⇆ㅤ

ㅤㅤ◁ㅤㅤ❚❚ㅤㅤ▷ㅤㅤㅤ↻",香港 九龙城区
NANNINGWANLASANGUIER,%＠%+.+,女,。,香港 湾仔区
aini403458055,四-哥~,男,是烟不好抽，还是酒不好喝，碰什么不好，偏偏去碰感情这个东西！,香港 北区
,离人哥哥,男,你若不离不弃  我必生死相依,香港 中西区
wanghong-359666,꧁好先森꧂,男,改变心情，也就改变了世界！,香港 九龙城区
wujiamei321,武家美♡,女,"qq: 3293120085
加QQ在线陪聊 欢迎投稿鸭",香港
,阿成吖！！,女,！,香港 湾仔区
tangguoqi888,难免-🌾,男,？？？,香港 九龙城区
kong9996,·夲该筎此.,男,"不在过问世间亊暃対諎.

别訷麼訷麼都瞎感谢.
愛就是愛.佷就是佷.
駃意恩仇才是人生.别活的呢么緒為.

互俬.",香港 荃湾区
,dj 美男,男,有没有喜欢的,香港 荃湾区
,三水之梦,男,谢谢关注，老铁没毛病,香港 九龙城区
WQ520JK1314,看月亮了嗎.,女,在劫难逃.,香港
tmyojbk74,鬼鬼要kiss,男,私信颜值互粉,香港 九龙城区
,男人活出你的霸气劲160,男,生活是灯，工作是油，要想灯亮，必须加油,香港 黄大仙区
kuai029shou,娱乐圈头条,男,经典歌曲翻唱,香港 南区
VXnsqh336,🙈舌尖上的鲍鱼🙈,男,需要小宠物的V:  nsqh336,香港 湾仔区
,☺☺☺狼族☺小雨☺☺,男,帅气！绅士！,香港 湾仔区
h2716888,闻风😜😜听雨,男,"v.h2716888，
关注我，没有错",香港 九龙城区
j12140829,可乐【壁纸潮图】,男,"🐬        找原图    ↓↓

🐬  更图Q:   2160285312

🐬  聊天.美图互相分享   群：  946896213
 

              ❤❤
🐬  拿图:复制作品链接在网页打开，点击保        
        存即可

🐬  定制图片的＋V 15623615975 拿图（不免费）

🐬 美图分享   治愈",香港 九龙城区
xuyulongya,龙老板🦋（男团）,男,"❗️新🌊微博：钟情徐禹龙

❗️变 美💉：qiang999you",香港 九龙城区
KK926744,钟 译,男,"Q:38685415

wei xin : L23300354

热爱世间万物 无最爱 无例外.",香港 离岛区
why2698680065,涵宝（爱棋）527,女,"偶像：GEM邓紫棋

关注就不要取关了

谢谢

时光不老        渔民不散",香港 九龙城区
ssss0526,彩十二🌟音乐故事,男,"🌟🌟彩十二🌟🌟🌟🌟感谢官方🌟🌟

🌟🌟超清现场、视频剪辑每日首发🌟🌟

🌟🌟专注推荐好音乐、用心做好视频🌟🌟

       🌟🌟感谢所有关注我的朋友🌟🌟 

🌟🌟经常更新视频格式、喜欢不单调🌟🌟

   🌟🌟做自己的风格，总有懂我的人🌟🌟

  🌟🌟 V🌟💖+wangping99982006 🌟🌟

 🌟🌟 视频教学、代做等🌟上方等你哦🌟🌟",香港 北区
,广西渣渣晴,女,"感谢快手   记录生活💕

广西人    身高165   单身可撩
微信：cb8315(吃鸡王者)

感谢陪伴    爱好吃鸡  吃零食😂",香港 九龙城区
,💢嘉✈,男,"短发

男孩🐾🐾🐾


💕
Q302518551",香港 九龙城区
AAAAAJDQS,刺激战场（模拟器玩家）,女,"快手随缘直播

本人QQ:2993996602",香港 九龙城区
,朵朵耶✌️403,女,"感谢快手   记录生活❤️

谢谢小哥哥们的关注❤️
微信：cb8315（吃鸡王者）",香港 油尖旺区
lqc5970233,爱我钞钞,男,"感谢快手 感谢喜欢
Q群：768548921
weibo：林乾钞--    （原图）
Live broadcast：lin梓烨
-                                                                          
May the rest of your life be accompanied by loved ones, and may your life be full of joy.",香港 九龙城区
shiqizuiwu,琦老板🖤.,男,"🖤🖤🖤🖤🖤


    同款👔✨：Aaimi666999",香港 湾仔区
yi2332yiyi,小耳朵的感觉,女,"更多美女扣扣:1036561604
VX公种号：youseyizu",香港
yqd65432,石榴姐苑琼丹,女,"大家好我是石榴姐欢迎大家关注我哦
商务工作合作邮箱(1317475825@qq.com)",香港 荃湾区
like110_,💕乐乐走丢了！,男,"他在关注你哦

💕生活不是电影

💕下次见面 我一定 把一见钟情还给你

拿图：1101348130
V💕：15583138301",香港 九龙城区
xxxxxxnmsl,東野玄色🐉,男,"圖片視頻來源于網絡，若有侵權私信刪除
不定时更新 本人60 离异 没有儿女 人长得又老又丑图片跟视频来自ins需要的自己去找.",香港 九龙城区
,草莓酱 · 拼多多,女,"支持快手正能量 支持原创

关注我 你们就是我的人啦🍓

余生很长  要努力要上进🍓

薇♥♥  Amengmeng9988【寄拍模特】  有意者加
         可接推广❤  欢迎大宝贝❤",香港 黄大仙区
Zhamg1111,刺激战场 柚风风,男,"给好运一点时间🎈

S5赛季无敌战神 双排击败第15🎖钢枪王柚风🎖

唯一QQ：4921944（灵敏度 打电话拉黑）🌝🌚

感谢支持 ❤️ 感谢相遇 承蒙厚爱 三生有幸",香港 九龙城区
DJZ19970218,振振🔥（大湛江）,男,"感谢官方绿色平台

WX   ：AWDJZ1314",香港 九龙城区
