﻿快手ID,昵称,性别,简介,城市
,结局后才明白o（｀小姐姐,女,"感谢官方给我这个平台，让我认识很多好朋友喜欢我的双击加关注66666
我很喜欢玩快手
让自己重新开始会珍惜自己
喜欢我的朋友给我双击加关注
爱你们美美哒！",福建 福州市
,丁周美手工,女,"宝妈一枚
感谢大家关注
感谢快手支持
复杂的事情简单做
简单的事情重复做
威❤13459943227",福建 南平市
yanzi526,傲娇燕（厦门6美🔥）,女,"云南姑娘❤❤❤❤❤



记不得来时的路",福建
ZDM99520,Ming-Boy👦🏻,男,笑只是个表情，与快乐无关！,福建 厦门市
lgx23789,桂香姑娘,女,"感谢快手官方给予绿色平台，支持快手！！！

不管四季如何更迭变迁，有一颗平常心，有一杯手中茶，也就足够美好了……喜欢记得关注我！

👉🏻👉🏻薇❤ :   714269656",福建 泉州市
A18959733627,豆豆妈推荐好物,女,"感谢快手给我那么好的展示平台！请大家多多支持我哈
官㊗️18959733627",福建 泉州市
XZ666666,玩泥的新子✨,男,"感谢官方。希望每个视频都能给我热门。最爱你了😘

每个作品都很认真的去拍，希望宝宝会喜欢。

努力做好自己就好，努力才会有收获，不努力那是百分百没收获的。

快手id:xz666666  泥v❤️:cjx52306",福建 福州市
g1263188889,_抱抱芸芸.💕,女,"🌵不要在别人口中了解我，一百个人嘴里有一百个我

🌵3291767342扩列养火花💕

     🌵所有的不主动都是因为不够喜欢.

               🌵   互粉私      破3 千  🌜长期合作❤

🌵努力学会咽下一肚子心酸和委屈，嗯……我没事",福建 漳州市
Minglan001,晶莹似火,女,"🎊感谢快手平台官方的辛苦审核🎉
🎊感谢朋友们的关注与支持🎉
不是专业编绳的我每天出一些作品希望我能做的一天比一天好，亲们不喜欢的勿喷哦，全靠自己的努力，希望能得到大家的支持！加油💪💪💪
🎉想创业🎉想变美🎉👉🏻👉🏻👉🏻jzj2012826",福建 福州市
Zhuyao555,拉面日常🍜,女,"vx：lamian414414

从来没有这么讨厌过一个女孩子！！",福建 福州市
H034587H,请对十一着迷！,女,"👤 她在关注你哦

记录生活 支持快手正能量视频 

优先测试➕Q ：80930871 (测试的加哦)

欢迎公主殿下回家",福建 龙岩市
zhangsir8228,优客张sir（吉他弹唱）,男,"佛系音乐随拍
微笑「147200081」",福建 厦门市
lc130130,王者荣耀凌晨（天秀铠皇）,男,"⚜️国服铠铠⚜国服王昭君️⚜️
感谢陪伴 感谢支持
生活不易 别轻易放弃！

vx：lc03188。Q群102328562",福建 福州市
yanqin1225,仙女超可爱 .,女,"扣 1096146000

xn181252

车马邮件都很慢，一生只爱一个人",福建 福州市
A13799096485,狼王烤兔美食0530,男,"狼王烤兔学习培训联系13799096485！
始创于2011：狼王烤兔创始人阙禧登因养兔失败转型烤兔加工！曾前往川、鄂，湘、山东等地求学兔肉技术！夜市摆地摊起步，如今已把狼王烤兔推广成为当地酒店高端宴席的一道特色名菜！现在是中国兔肉加工领域和兔业界最有口碑的品牌！独创狼王全兔宴，包括烤、卤、熏、炸、蒸、干锅、火锅、凉拌、红烧、药膳、干煸等菜品！2015年10月赴四川参加中俄兔业圆桌会议，在全国兔肉比赛荣获一等奖。并受到俄兔业代表青睐！
感谢快手官方支持！想学的老铁私聊我",福建 龙岩市
Janice2006,Janice在纽约,女,"来美国已经10 几年了！在快手给大家了解纽约的生活、文化！V1: Janice1987814
淘宝店-Janice海外购",福建 厦门市
fcfc1111,模拟飞行大侨（破90万）,男,"感谢快手官方给我们一个这么好的平台

游戏名：模拟飞行，电脑版，手机不可玩

收费游戏，有偿收学员，小店有移动流量卡

需要游戏加v❤：zuchuanmifanggao

关注我每天直播飞机航路设置以及教学哦",福建 泉州市
QlNKO1113,超跑社（中国）♥,男,"福建🚗街拍团队 闽摄联-QINKO
微♥：QINKO 113( 拿图 鞋子）
你的关注 就是对我我最大的支持
（不忘初心  方得始终）",福建 泉州市
Boqing520,王者荣耀薄情『天秀木兰』,男,"🌐每晚20.00直播

全网第一个用花木兰打上(巅峰赛全国第一)🔥

一个号双国服🔥国服榜首花木兰🔥国服榜首达摩🔥

苹果qq苹果微信双系统国服榜首花木兰⭐

花木兰轻剑一闪秒沉默创始人✨

巅峰赛花木兰冷却鞋创始人✨

木兰在手，天下我有.无人可见，无人能敌.
薄情木兰强无敌.巅峰战神无人敌.
总有一天提起花木兰你会想起薄情🏆",福建 福州市
Saoxiang888,骚象🐘,男,"一名职业的业余钓手
vx：bomee123",福建 南平市
yghs6666,金刚达人🔥,男,"关注我：每天直播分享🌹电商爆粉课程
热门视频制作课程   特效视频制作课程
技术交流➕胃：13055378537
快手不倒  陪你到老
感谢快手提供了这么好的平台！",福建 漳州市
LIUYI18676150858,网鱼神器,男,"以网会友，愿交天下朋友
需要（易撒网）➕V💕15019511317",福建 福州市
,萍姐 （专注童鞋20年）,女,"品牌特价总部
感谢快手平台  给我们这么好的平台 给我们展示的机会
感谢老铁们支持，我们会用真心做好每一件事，带给大家！
雯雯：HYQ1238899
萍萍：hyp199006094623
娜娜：hyp551445",福建 泉州市
,小芝❤️超努力,女,"感谢快手官方正能量🙏

                     👇这里可以找到我哟😋
护肤．彩妆．❤️加我微pyz880770",福建 厦门市
,诗爷！！！,女,"感谢快手，感谢每位关注我的小伙伴们
风里雨里直播间等你！！！

年龄：22
爱好：跳舞
工作：模特",福建 厦门市
Aze1127787537,阿泽❤️迷你世界第五人格,男,"🌹宠粉 宠粉 宠粉
🌹全网公认的开心逗，迷你世界生存大师
🌹Q：1127787537    VX：ksaze66
🌹曾经最高记录挖到了8866颗钻石
🌹 围脖：阿泽开心逗  有照片
❤️一直爱你们的阿泽",福建 南平市
ID1000011,Joi-脚脚💫吃鸡男孩,男,"努力到无能为力 拼搏到感动自己

一步一个脚印 直播时间晚上7点

扣扣 : 1793098815 (唯一)

底线 : 小脚丫🦶 有你们就够了",福建 泉州市
,我的女友超甜 🍬,女,"☘️身高168  体重85  年龄21

🍬谜一般的女子

📞唯信：yss2019a

☎️扣扣：1537252544

🚬多少赞美👍🏿👍🏿就有多少诋毁👎🏿👎🏿

．",福建 福州市
chenxi2066,迷失蔚蓝之巅,男,"高清纪录美女潜水
喜欢的小伙伴请关注我吧",福建 厦门市
YHY1178872802,刺激战场灬雲儿,女,"💕哈喽！你们好！💕我叫雲儿！💕      
💕现在开播时间凌晨00：15分直播
💕一群满了，二群家人群240708610
💕感谢快手平台💕本人干啥啥不费💕吃啥啥不剩！💕游戏都玩，💕就是不精💕小渣渣一个💕家人群117210591💕不喜勿喷，💕谢谢💕更加谢谢师傅小权权！爱您！💕",福建 厦门市
xiao2001w,甜心霞Lovely,女,"感谢快手官方🖤
         
变美👗👔❤️📲dai2001w交友

封面图.拿句子 扣扣📲2815544897 （超级宠粉）

关注霞霞你会越变越优秀～相信我💁🏻‍♀️",福建 泉州市
Bm111111,黑色斑马😂小马哥：,男,"5毛团队剪辑摄影弟
坚持就是胜利加油
私人V：bz160but（备注来意）
合作V:az411915134
感谢快手官方！感谢支持我的粉丝🤟",福建 宁德市
caicaifacai,吖 来份海蛎煎,女,"煎哥同款看我的小店

被宠物耽误的美食博主，每晚随缘宵夜吃播",福建
,篮球🏀阿包,男,"热爱篮球🏀
有意义的事情：帮助他人",福建 泉州市
Mnxtt16888,柔儿妹妹～,女,"❤️繁华落尽等你来相见 风里雨里直播间等你
     
所谓陪伴才是最长情的告白

直播时间：白天15:00——17:00(不定时) 

                    夜间19:30——22:00
 
喜欢你的依然是你的 不喜欢你的强求不来 
只想做一个简单快乐并带给别人快乐的人

本宝宝仅此一个号 Mnxtt 16888",福建 厦门市
zh520629,善缘（小郑）,女,"感谢🙏快手这个平台，感谢朋友们的支持，让我以茶会友！                                       

品茶品人生，一生一世情🍵

💞薇薇💞：18659002618

    不定时直播！！",福建 泉州市
QQFCWENM,听闻老帅,男,一个人好孤独啊？,福建 南平市
,亡魂一酷酷,男,下,福建 漳州市
,巨废（三指交旋）,男,"我发的作品评论一下双击一下谢谢

球球|D三指巨废

快手大号:球球大作战☁炫哥

被盗了所以玩小号",福建 漳州市
b1208820daqc,黒鸽_,男,。,福建 宁德市
lpfy1920,玟玟（whale）,女,关我屁事 关你屁事,福建 福州市
,丂狱,男,庆幸你来自远方，不清楚我的过往♡,福建 宁德市
,陈秋燕妞妞,女,喜欢我就关注我,福建 龙岩市
cjz53688,你看哲哲,男,"感谢快手官方‼️
00后创业型选手
创业逆袭v🛰184 5919 9316",福建 莆田市
xx289600,馨馨爱洗碗,女,"感谢快手，感恩遇见
感谢官方大人给的每一次热门
年轻更要拼搏努力，加油",福建 厦门市
,Heao.小桥,男,现实会告诉你，不努力就会被生活给踩死，无需找什么借口，一无所有，就是拼的理由。点击进来的请留下你的爱心和关注吧！viz幺叁陆柒玐陆玐玖贰,福建 福州市
,龙族▽少爷,男,为自己画地为牢，只因等你的到来。,福建 漳州市
LL198625,个人专属订制688,女,胖  尤  ⭕19939050807,福建 福州市
qb2181919446,彬彬很垃圾,男,"燕婷。

  

       互",福建 漳州市
,月儿家大号,女,奋斗吧！为了自己想要的生活！拒绝理由，只有结果。我在中国鞋都！感恩快手绿色平台的支持！,福建 泉州市
,萍萍～6557,女,"感谢快手平台❤️❤️❤️
想在这里记录两个宝贝的成长",福建 漳州市
,黑不溜秋呢😂,男,同志们辛苦了，给我点个赞，谢谢,福建 福州市
,ai ya！一个人的旅行,男,❦༺༒༻❦百毒不侵那是神，不懂感情那是鬼，带着面具那是人。。。,福建 泉州市
hyt985209,tingahuan,女,感谢快手官方让我在这个平台认识了四面八方的朋友        福建省        微信tbdd579,福建 龙岩市
chihuo52059487,挽梦忆笙歌丶丨,男,！！！！,福建 厦门市
,玫瑰花DE幽伤,女,我是一感性的小女人，也是个多愁善感的小女人,福建 泉州市
,酷猪666,男,"感谢快手平台🙏🙏
感谢大大的官方🙏     永远支持快手🍀🍀
大哥❤️➕13818431512



微信：yyd1243
           👆👆👆",福建 三明市
BID8888888,☞受浅,男,喜欢各种交友🙇💋💋。微信xx152ii   QQ3258395292🤗🤗🤗🤗👫👫👫👫,福建 泉州市
wenzizi1028,潘哥不帅不骚但实在,男,贵州大叔在厦门，互粉，喜欢交朋友，希望能在快手交到更多的朋友❤️,福建 厦门市
X48327664,冰焰喜欢玩快首,男,"美景人情供大家看个欢喜闹热

扣扣2831804832

微心X2831804832",福建 福州市
,文，梦洋,女,dkij,福建 福州市
wen59225138,潯夢亾,男,偶長得Bu帥 Ye不可懓 Ge性古怪 脾Qi很坏 平时耍赖  打架很菜 逃跑很快 就这么实在,福建 漳州市
,（橘子味的猫🍃,女,"三月的风
四月的雨
我喜欢太阳底下的你❤️",福建 宁德市
sss585666,^安溪野鹤^,男,"扣扣:2762134810

微信:15260808690                          

坐标:大安K

处对象的误加对象对我很好👌

交友不交狗，关注了就别取关🔥

互粉的直接私信我👌",福建 泉州市
,💋Kelly💋420,女,好看的皮囊千篇一律，有趣的灵魂万里挑一,福建 泉州市
,王者荣耀-神坑壹,男,"出生地:厦门
出生日:19900626
性别:带枪的
兴趣:女",福建 厦门市
x3307131613,罗宇轩❤,女,没得到的时候努力想得到，得到了又不懂得珍惜。,福建 厦门市
Dl1092579273,专业洗衣亮亮（破一万）,女,"感谢快手官方给予这么好的平台❤❤❤❤🌹🌹🌹
快手不倒，陪你到老💪💪👍👍

每天为大家更新洗衣小视频，教大家轻松去除各种难去除的，水果渍、油渍、血渍、粑粑渍、衣服发黄、鞋子发黄，发霉、等等……
＋V❤jiayousibao6689",福建 泉州市
nbx222222,♡颜菽,男,"s1获得福建省王者切磋赛冠军
退游三个赛季
回归时称霸s5赛季王者峡谷上榜两国服最强
s6荣获kpl总冠军
退游7赛季
s14上榜国服甄姬国服钟馗国服钟无艳
s15在这里吹牛逼😂😂😂
欢迎你们加入我的小家庭，群号：603206566
本人🐧🐧：3290209410
喜欢吃鸡，飞车，王者荣耀😁😁😁
关注我我们一起翻车连跪啊哈哈哈哈
爱你们哦😘",福建 南平市
kj1314770880,NO.I红爷,女,"[加油],点击[ http://pinyin.cn/e220130 ]查看表情",福建 泉州市
cz1314520zc,。有梦就去实现。,男,眼睛注视前方，别胆怯你不比任何人差，他也是人没长两个脑子，不要和别人比，要和昨天的你比，只要你比昨天进步一点点，你就是好样的，要敢发声说话就别怕这个世界本来就没有对也错，只是观点而已。,福建 厦门市
ying987986,陈雨炫,男,"Wx517044498
做自己想做的，别让他留做你的遗憾",福建 泉州市
Xc88027474,丿Bu丶晨晓,男,"卫❤️：18688027474      感谢官方给热门

你若用心融我一世寒冬，我必以心照你一世艳阳

有多少人活着像一床被子，冬天给了别人温暖，夏天被人无情的抛弃

若无其事，是有故事的人佯装洒脱的样子

只要看到他的笑，我的世界便可以万里晴空。
               2019续写经典 遇见更好快手",福建 漳州市
lixiaocan666,晓灿灿.,男,#,福建 厦门市
,你不乖脑壳给你打歪,男,🙇🙇🙇🙇,福建 三明市
,小小78，,女,胃❤️15605005447,福建 泉州市
,十一.✨❤️,女,"""
  爱情里有两种遗憾
  一种是你曾经那么用力地爱过
  最后却发现那个人根本不值得
  另一种是你没有好好地去爱
  失去了オ发现那是一个真正值得的人 ​。"" ​​​ ​​​​",福建 莆田市
,酃彎,女,+v13413754402,福建 福州市
liuweihua9001,在见已非梦中人,男,这家伙很懒什么也没留下,福建 厦门市
,贝利童装（Baliey）,男,"来自福建泉州

2001.03.07

是个不折不扣的胖子☺️

虽然是胖子但是也很灵活幽默风趣哦 👍

🤜交友🤛 pc游戏💻🎮


15305959817",福建 泉州市
,故事꧁꧂成书,男,王者荣耀一起飞,福建 漳州市
,怪咖°☺☺☺☺👿,女,...,福建 福州市
QQQG770849577,邱邱邱哥丶,男,走别人的路让别人无路可走！🤣,福建 福州市
szs9902222,Mr.龘☀,男,灵魂摆渡者,福建 泉州市
xlg_2019,玩转奇迹_,男,感谢快手官方绿色平台！世界万物皆是奇迹！,福建 福州市
cjz15205915,S+玖哲（送瘦腿霜）,男,"00年的小伙子  经过一个月逆袭高富帅❗️
创业逆袭🛰V：184 5919 9316",福建 莆田市
lai583293142,元气女孩吧,女,"-
感谢快手官方 也感谢你们
先定个小目标（粉丝破万）
再定个大目标
立誓🙋绝不当胖子💕
🎀微：vita1⃣️5⃣️0⃣️6⃣️3⃣️0⃣️
感谢一路陪伴💖笔芯",福建 厦门市
dayao0720,我是大瑶啊！,女,"-感谢官方 也感谢你们
-先定个小目标（粉丝破w）
微👉dayao0720
-感谢一路陪伴♥︎笔芯",福建 莆田市
,🌻白羊天使👼☀🐰,女,"🌷感谢快手官方绿色平台🌴
😺感谢大家对我的鼓励💪🌴 
🌸作品均是原创或临摹󾓭🌵
🌸不定时更新作品！🐵加油💪",福建 厦门市
WSZ928616170,好嗨呦！🤔🤔。,男,我玩得起夜店   收得起心  我可以专一到让你惊讶   也可以花心到让你害怕  我喝过最苦的茶  也喝过最烈的酒   我爱过不爱我的人  也放弃过最爱的人,福建 厦门市
qq1922018524,沙雕东西😡😡,女,想你不如深拥你.爱你不如久伴你.,福建 南平市
,사랑한해여러해잊은꿈,女,喜欢玩王者荣耀AD位置,福建 厦门市
c1695562108,今天想多了她,男,"🐧：1695562108    
vx：czy1695562108",福建 莆田市
,♥的信仰,男,微信xilong1208👏👏👏,福建 泉州市
Vx1575490981,Y请看我头像,男,Vx.1575490981,福建 莆田市
,玖╰╮酒,男,只要你敢在我身上赌   我拼了命也不会让你输,福建 泉州市
,小伟40821,男,美女,福建 宁德市
y2650320385,º萌孩子,男,简单,福建 泉州市
z2858876330,✘ロロノア·ゾロ,男,什么时候,福建 泉州市
,圣贤♪,男,总有这么一个人 会让你毫无原因的笑起来,福建 厦门市
,DG潇洒哥,男,该走的走该留的就留   现实社会不要去怪谁   谁都没错  错就错在你生存在这个社会,福建 莆田市
lwjjw1314520,wj爱你.,男,没,福建 宁德市
plf200107252017,闽南小潘潘,男,福建泉州安溪人，家乡特产安溪铁观音！微：plf20010725,福建 泉州市
,安静的离去了,男,新年快乐,福建 泉州市
dy1524089,＠霸道总裁傻子脸,男,"来都来了，不介意的话做朋友吖！

既然看见了，用发财小手点个关注。

暂居于集美区灌口镇旁边小咔咔😄

老家是云南昭通😏
兄弟们，小姐姐些看完随时一个小红心♥

QQ:2777106458
V❤18649929917",福建 厦门市
,吴（ಡωಡ） 鳯,男,"求进来的点点关注

人生这么无聊，不去找点东西发泄一下，又该如何过的下去。",福建 福州市
zhoulin930825,教授（JGS）,男,"手机拍摄，很多不足之处。
                       初来乍到
           
                       承蒙厚爱
                视频两天一更新。❤️",福建 漳州市
,风雨无阻01847,男,缺爱的老孩子😂有时候很坏😝但本质善良、忠直！渴望偶遇真爱💏15815005808加v信,福建 漳州市
,小蜜蜂～😘,男,青青子衿   悠悠我心,福建 厦门市
zbz18859791286,【三德大酒店】安溪店,男,【安溪三德大酒店】KTV 预定热线：18859791286张冰志,福建 泉州市
,D.Dong（语录）,男,"感谢！官方 

感谢关注！新手在努力💪",福建 泉州市
qw1092782546,进宝536,男,爱玩，为人不做愧心事，半亱亏门心不惊！人啊一辈子，心态是关键。,福建 泉州市
,红唇LOEE,女,"专注各种运动鞋，运动装！
微号：wxqq9066",福建 莆田市
,AA~很好,男,我不会甜言蜜语 但我会用行动证明,福建 泉州市
,沈哲煌,男,开心每一天,福建 漳州市
a13313972963,方圆几里534,男,该配合你演出的我演视而不见，在逼一个最爱你的人即兴表演,福建 福州市
,王哥鞋子,男,"感谢官方平台，卫心,w829409",福建 泉州市
,草上飞龙219,男,单身狗,福建 龙岩市
A18166669999,树林里的小星星,男,"🍊感谢官方
🍉感谢快手兄弟姐妹
🍓  🌟 。❤。😉 。🌿。📦  。🎉 。🌟 
 ✨。＼｜／。🌺谢谢关注",福建 厦门市
CXOPKCXOPK,怀疑人生8224,男,沙县小吃，黄焖鸡，老北京炸酱面，木桶饭，重庆小面，港式烧腊,福建 三明市
,清晨的阳光92946,男,爱上一个人快，忘记一个人好难,福建 莆田市
a631253780,AAAA--小贵哥,男,有舍有得、人生如此,福建 泉州市
,奥特蛋爱你一辈子,男,开开心心过,福建 莆田市
,娉婷💋,女,"喜欢唱歌的朋友一起来
全民：847405344    
唱吧：847405344
微信：847405344
QQ  ：847405344",福建 泉州市
king20160314,狐狸骚～,男,"这家伙很懒什么也没有留下……





                                         爱咋咋地",福建 厦门市
wz1590350,꧁国服毒液꧂,男,本人的QQ1750293310    微信13515924371,福建 莆田市
,AT森林（二号店）,男,V❤️：ATSL8882,福建 莆田市
,孤独伴我安然无恙i1703,男,找个真心女朋友,福建 南平市
ai490027492,如痴如醉💜💛💚💙,男,世界那么大，怎么样才能走的完呢。,福建 泉州市
,艾思：）,男,真爱身边没一个人,福建 福州市
FL777888666000,赫拉3℃,女,没必要,福建 泉州市
jun666520,俊楠❗️大大🌞,男,"🐳愿所有的美好都能如期而至🌞

v：15959310813

    💕愿我们也能如期而遇🔥",福建 宁德市
,张公子改车,女,"👤TA在关注你哦

❤️ love1997love1987(福州 备注来意）

✨爱好健身 
     身高165 体重98



                   我要练翘臀💪呀呀呀
 

🍒一个人的时候我的身边还有你……
                                     
                                      陪着我，无论你在哪里里🍒",福建 福州市
hxl980610,精彩林（厦门6美🔥）,女,"感谢快手官方提供的绿色平台❤️
VX❤️：hxl1998516（不闲聊谢谢）",福建 厦门市
Minnamm520,加拿大编织❣️敏姐,女,"🌹感觉快手官方

🌹专业网红打造,变美扌户肤，手绳手链定制👉millie002",福建 福州市
,✨小花花✨🐺狼族,女,"w小威❤ ghhao66391               


🍃等风等雨不如我等你。",福建 莆田市
,D.Dong（图文）,男,"感谢官方 平凡的人在努力🚶              

性别：男👨

我的文字你的故事

愿我的文字能够停留你的脚步👣

vx: MAKE66966「拿图」

这一路上会遇到很多人 无需在乎别的做好自己.",福建
w110wwww,刺激战场~宝万,男,"感谢快手官方这个绿色平台！
加Q群一起玩:487203382",福建 莆田市
,眯眼打dota,女,胖子想有人疼有人爱  薇❤️  33O284 2175,福建 莆田市
xj13144293826,🏆刺激战场.小天,女,"🇨🇳 超级无敌感谢快手官方💕重头再来🇨🇳
🇨🇳感谢快手官方大大给的每一个热门🇨🇳
❤️3月25号入注快手  小目标100w❤️ 
❤️顶尖突击手❤️技术型主播❤️
🇨🇳爱枪：M416 只想做你们的盖世英雄❤️
🇨🇳我只是一个农村人 文化不高 希望理解🇨🇳
🏆年龄（18岁）爱好：打游戏 直播赚钱🏆
🇨🇳我努力只为赢得胜利🇨🇳
🇨🇳我坚持只为做到极限🇨🇳
🇨🇳我从不屈服任何人🇨🇳
🇨🇳开播时间：中午12点 晚上7点❤
❤️：3156275900",福建
ID1110141210,我想瘦下来吖,女,"本人身高163
目前体重108
每晚8点直播健身操
白天不定时直播



v♥️fsh366076188",福建 龙岩市
Wuzhibin2099,福建莆田门窗哥,男,人生就像一场舞会，教会你最初舞步的人却未必能陪你走到散场…menchuangge2099,福建 莆田市
,⛅你的娜娜「🐺狼族」,女,"w小威❤shuiaiwo80                 
🐺狼族阿狼 id:1161355130
      「精彩团播 不容错过」
   娜娜想被宠成小公主ˆ😊ˆ

      🧝🏻‍♀️
🍒日常更新/不定时直播
💕陪伴是最长情的告白
💕夜很长 时间很短
💕喜欢就为我改马甲吧，快手名➕守护娜娜
感谢快手，感谢遇见☺️",福建 三明市
,🌹雯儿小可爱,女,"感谢快手官方🙏

     每天晚上6点精彩团播，等你回家

🌟我是宠粉狂魔，关注就不要取关了

❤️陪伴是最长情的告白

✨刚认识不久，就慢慢了解我

 雯儿私人微：（weixin1996w）

本人就这一个快手号，谨防上当受骗",福建 厦门市
baiqi001,钙姐,女,"✨感恩快手官方 每晚直播

✨只要你乖我就给你买个钙

✨wb:Gai钙姐

✨仅此一个快手号 其他私信都是假的",福建 莆田市
LULU6098,陆露🎊娘子,女,"不要总是问我为什么单身？😛😛
有一种单身叫宁缺勿滥！
老铁🎈加V：LLJLLJ6098(陌生人不闲聊）只有这个微信，其他都是骗子，谨防受骗!
马甲：名字➕（露家人）🌹🌹🌹
岁月🥳极美，
在于它必然的流逝。
春花，秋月，夏日，冬雪。
你若🌹盛开，清风自来！",福建
,茶园里的小丽,女,"感谢官方这个平台，感谢你们的支持，在这里遇见是缘分[微笑][微笑]
                                    
我微是lingfang568                                                                ☎️18859901593",福建 泉州市
Rangang6162,钢钢好？,男,我们一直坚持做原创视频！谢谢快手的兄弟姐妹们的支持！感谢快手平台，让我们把精彩视频分享给大家！VX:rangang6162,福建 福州市
A2226677,李乔一/声控/哄睡,男,"企鹅 2396035905
小猪窝 636845149

🛒vx: liqiaoyiCP (👕👟的做在己自牌潮⬅️)

感谢官方 感谢陪伴与理解",福建
zky13110,曾锴妍,女,"唯一v：zky11118 
不接推广
感谢快手官方🖤",福建 泉州市
piu4726400,苏才 （刺激战场）,女,"这个人由于生活现实原因时间稀少，请珍惜。


群657208295
微sy472640071
Q472640071
冲冲冲鸭！！！",福建 厦门市
,快乐生活日记,女,🍵 v❤️15345994897，无论你做多大的生意，只要坚持做好两件事就够了，一个是你的产品，一个是你的人品，产品决定了你的存在，人品决定了你人脉，剩下的就用坚持，用善良和真诚赢取更多的信任，感谢快手官方平台给我展示的机会,福建 泉州市
Wzx20081314,农家茶女小汪,女,感谢快手这个平台让我们相识vv➕ y198510e....15980086871,福建 泉州市
TD317317,假笑猫陈TD,男,"只想把你宠成全网最幸福的猫，爱你❤

猫粮零食V信：TD0631 （请注明来意）

金V知名萌宠博主：TD别打了",福建 厦门市
dapneg8888,大鹏（未解+冷知识）,男,"探索奇幻的大千世界

科普各种知识，不定期更新！
一直在努力！感谢官方支持正能量

qq：2940482859
vx：dapengweijie",福建 厦门市
,根雕世家🔥,女,热爱根雕艺术，欢迎交流.！Vx    18650085639,福建 福州市
,意境阁V-lwspig,女,各位快手的老铁们！带你们走进木头根艺的世界，喜欢的老铁们关注+好友666！V 13358556995,福建 福州市
baobeixueqi,.琦琦呐,女,"爱官方


人往高处走
🛒v：ZYY15896509624",福建 厦门市
yyz960809,🌛Yu小小厦门6美🔥,女,"福建龙岩人

我的朋友圈很小只有你们，真爱粉可以在名字前面加上🌛Yu

看心情直播",福建 厦门市
mimi11112,Miss 洁洁J,女,"给我一个小小的关注好不好😩😩

来自地球的一个小可爱


身高:163cm

年龄:18",福建 福州市
chiBingBing,赵雯静丫.💕,女,"重新开始🍒
刚入lo坑，难避免踩雷🌚
一个月更新一次💙
有时间多更💕
超宠粉哒🙈（独宠蓝精灵🐳）",福建 三明市
tang18398872519,你的英英 ⚇,女,"我会变优秀的，等我好吗？
  护fu🌟（tang18750067001）本人回复",福建 莆田市
ptzjg0915,艺青……,男,V号:ptzjg0915,福建 厦门市
,内山姑娘（小章）,女,"认准唯一薇薇👌
🌺➕薇ZPL1937537045🌺
🌻☎️13959909071🌻

感谢快手官方这个绿色平台，感恩遇见最美最帅的你😊
🍃万丈红尘三杯酒，千秋大业一壶茶🍃
喜欢的点点❤️❤️双击➕关注噢！谢谢！",福建 泉州市
TJF19961015,小陶陶『追梦』,男,"一个来自农村的孩子

喂❤️txff99

直播晚上8点",福建 泉州市
,帶刀仙女.,女,"旧网名（想挽留先生.）
❤支持官方❤爱粉丝❤
Q:3168474970
群①:680010601
群②851373078
群③:859768056（新群欢迎＋）
软件都在群文件里
🙅拒绝伸手党🙅
每条私信都会回复！
QQ不一定在线！",福建
,橘子吃不胖哈.,女,"🦄表白官方大大
🦄感谢官方大大提供绿色平台
🦄感谢官方大大给的每一次烫门
🦄橘子有秘诀，可爱们看过来
🦄J肥M白:jz030929",福建 漳州市
douerbaby520,兜儿史莱姆,女,"感谢每一个热门
感谢快手官方😘
微店:兜儿史莱姆
微信:douerbaby520
原创起泡胶：糖心琉璃，软香糯米糍，芝士雪梨糕，小猪妹妹，棉油胶，奶包香兜，目前就这6种（还有再研究当中的），其余一概不算",福建 福州市
CYLBZD2819,茶乡（啊英）,女,"感谢快手官方这个平台，可以让我认识五湖四海的朋友！可以与大家分享我生活点滴！

认准本人小v15359832819  
v2242483153",福建 泉州市
,.小小小鬼,女,"取关不好意思
vx：yxm2810470154 别问了

   我希望我是最好的你再也遇不到",福建 福州市
LHZso_cute11,李爱笑_$,女,"爱音乐爱生活
只唱自己喜欢的歌
🏠+q：591317402
🛒+v：yzq114243290",福建 漳州市
Yi6666666,槿夕⭐️刺激战场,男,"S3q区双排全服第一🏆
11小时完成千人斩

直播时间：🌞早上9:30
                   🌃晚上8:30


很开心在这个年纪遇到你们❤️

我会努力去成长 努力去保护你们❤️

人外有人，天外有天🍃没有最强，只有更强 


与世无争🍃",福建 福州市
,❤️❤️晓婷❤️❤️,女,无论你做多大的生意，只要做好两件事就够了，一个是你的产品、一个是你的人品，产品决定了你的存在，人品决定了你的人脉，剩下的就是坚持，用善良和真诚赢取更多的信任。一一不忘初心  方得始终！感谢快手官方给我展示平台的机会，以🍵茶会友……喜欢我的朋友可以➕个关注……❤️❤️微..……wxt3509（不闲聊）,福建 泉州市
H05031111,海妹!🐋,女,"余生请多指教！
V❤️：HM119908（唯一）",福建
wyx381888,🌹茶💋🌴💋香🌹,女,"💥感谢快手官方给我展示的机会和认识更多的朋友……

V信：3⃣1⃣5⃣️9⃣️2⃣️6⃣️5⃣️3⃣️6⃣️5⃣️

      🎈🎈谢谢老铁们一直的陪伴💕💕💓

          喜欢的记得点点❤️❤️十关注谢谢🌹🌹",福建 泉州市
TT1623541136,提提&,女,Sufs,福建 泉州市
kg940886,漫画蜗牛虫（努力中）,男,"需要漫画软件的加QQ3372405443五元邀请进群
小号：wzscs666  大号出事就去那里
漫画目录都在说说里
只有坚持下去才能对得起那么多关注
嫌弃我的可以点击＜在右上角取关随意反正要你们也没什么用喜欢我那就看看吧希望在无聊的时候能帮到你😁
我是快速更新类型的有的漫画在下面耐心点就能看到基本上两天一个漫画作品不想那些只会留着慢慢更新不和你们分享拖着的人一样",福建 漳州市
Hbeibei9,暴走萝莉贝🖤,女,"围脖：Smile韩贝贝
看Nba篮球微❤：tiyu88520


干净的圈子 不规律的生活 还没喜欢的人",福建 福州市
,福州画皮－假好人,男,"感谢官方的每一次热门   感谢各位老铁的支持
有想要文深  喜欢文深   咨询文深的可以＋v
v:zj2572774469（加我说明来意   不私发手稿）
坐标:福州   仓山  学生街",福建 福州市
wangzaihenguai,🎀旺仔很乖 （冲5万）,女,"微❤️:shaodimemeda
👆👆👆我们都是一家人❤️
感谢快手平台让我认识大家❤️
品种:小体博美 
姓名:旺仔 
性别:小公主
年龄:1岁多啦
体重:目前6斤 
技能:握手 坐下 趴着 猜食 听数 其他还在训练中
现居:福建石狮
作品:记录日常 旺仔成长，不卖狗。
           ❤️谢谢你长这么好看还关注我旺💕              
是个暖心宝也是个捣蛋鬼
                                    ❤️",福建 泉州市
,茶娘子🌸小清,女,一个平凡淳朴的茶妹，你愿意和我做朋友吗？                                                                   🌹➕薇薇号   gxfc666m                                                       大家不要相信任何私信，我不会主动给你私信的哦,福建 泉州市
,长大的YOYO,女,微博：杨舒然YOYO,福建 厦门市
wqb15805001843,开心🌹茶妹,女,薇su15805001843.电话15805001843,福建 泉州市
xuejie213,下架学姐,女,"微博：学姐已下架
工作请微博私信
\/❤️：xuejie0219（学姐的女装）",福建 泉州市
zx246319570,Fickle伊凡.💭,男,"感谢官方♡
感谢相遇，承蒙厚爱💟
 v:zxz808011
千言万语不抵你一句我来了🖊️",福建
qqqqqq0202,艺半仙.汉服,女,"感谢快手官方大人💙
谢谢…群：887630705

1不接受恶评，我很护短，护汉服护小姐姐，不允许任何人评论我家小姐姐的颜。
2不要拿我作比较，我一个妆娘又不专业拍视频挣钱，如果非要比，一个字“滚！”
3汉服是底线
职业：无业游民兼古风妆娘
博:艺半仙mq（要图加）
v：ybx19991226（问汉服加）
q：292697831（入群的加）
穿汉服是最开心的事
当然：得到你们对汉服的喜爱也很开心
关注了，谢谢你的喜欢
取关了，感谢曾经的",福建 三明市
wuliziqian19940,扑过去抱你づづ,男,"🐑💩
🌄v:luoyongqi19940（本人）
围脖:AQIQIY",福建
A755787215,安溪一林家茶妹,女,"感谢快手让我们相遇❤️

微信DFMC568闲聊勿加",福建 泉州市
yf988388,$YeFAn,女,v:1123237315(潮pái+),福建
lvdameiren,''吕大美人'',女,"🍒。学。习。车。艺👉lvdameiren1

🍒五大连池人，现居福建省福州

🍒（百度.  爱奇艺.  搜索：吕大美人）都能搜到

🍒  中国  韩国 法国 意大利 日本 芝加哥 纽约 洛杉矶 
       等等.....     （ 都有本人学生）",福建 福州市
L954497-,林慧弘ฅ,女,"随缘
没有玩其他软件
微博：L林慧弘-
V:L20977-（有个符号别加错啦.就这一个号喔～）",福建 龙岩市
wy777888,大贱在努力,男,".


背景图V❤️：3195600873",福建 漳州市
D18705058008,福州东方之美—邱凌,女,东方之美—优雅礼仪v：18705058008,福建 福州市
wyf169535,诚信为本，以诚相待！202,女,"☎15106058561    ➕微 微 www169535

自然淳朴生活,  每天会给你带来不一样的精彩,  感谢快手绿色平台,  能给我展示的机会,  让我以🍵会友,  喜欢我的朋友多多关注",福建 泉州市
cy25804029,关颖儿屁事,女,"QQ：189755182


更新时间：周五、周六、周日",福建 宁德市
TFB08060806,橙诺添福宝呀,女,"这里婷儿团毒🍀

QQ:2372945806

微博搜:橙诺添福宝呀

底线:TFBOYS💛白敬亭💙

一个做了很久微商的女孩子",福建
AV8D-XH666,刺激战场仙鹤.,男,"保持初心不变

走自己的路，让别人说去吧。

不签约任何公司任何平台（请勿打扰）

🏆刺激战场4月16号首次完成千人斩（共花11小时）

🏆快手KSM百万主播争霸赛冠军🥇

🏆狙击选手

🏆四指三指二指切换玩家（主四指）

🏆顶尖身法玩家

        Q：3342406235",福建 福州市
,🔥🔥鞋妹儿,女,"感谢快手官方！！！
支持正能量！从我做起！！

主动加你的都是骗子！谨防上当！

6号V💝:2273337968",福建 泉州市
lxh12166666,林家茶姑娘的生活,女,"首先感谢快手提供绿色平台，让我认识全国各地的朋友！
喜欢我的朋友记得关注我！

我的胃❤:18965600004

人生如茶，茶如人生！淡中有
味，虚怀若谷，依然自得！品出苦和甜，清和涩！

💝💝💝老铁们我本人从不主动私信 大家或是评论告诉大家V❤，请认准👆👆👆V❤",福建 泉州市
zhao5253,小啊梦 .🍒,女,"❤感谢快手让我遇到你们 ❤    

               Q🍓：2392942257    
        Q聊天群：593321050
      (关注了就不要离开了喔)   实力宠粉ฅฅ*",福建 泉州市
asd123698a,A户外教程,男,"感谢快手官方，提供绿色平台。

让很多人认识中草药，交流平台。

每天分享大山里面和大家常见的中草药。

自古路边无闲草，每一种杂草都有他的价值

不定时直播，交流。

如需帮助⬇️⬇️⬇️⬇️
大徐👨‍❤️‍👨hxm258002
大徐💘️hxm258001

祝:所有人，阖家安康。",福建 龙岩市
yibeier521,《蘑菇头》贝💋冲刺十万,女,"感谢关注我的人，天天好心情，好运常在 🙏    

感谢快手提供好平台   热爱快手🔥   目标5万粉   

希望官方能给个热门          想学蘑菇头加              V💏:15280274791收徒加            接推",福建 厦门市
,林末范🗡,男,"你的沙雕宝藏男孩
关注解锁他更多沙雕日常
沙雕段子专治不开心的你
VX:mofan882401",福建 厦门市
,小美家爱喝果汁,女,"感谢快手遇见你们💫
❤️：A18206045211",福建 莆田市
xy520yj1314,義  境～,男,"关关雎鸠在何之洲，                                  

窈窕君子，This is myqq:598245639

处对象么咯！",福建 福州市
zwtwtcium,通通🐷、,男,"他在关注你哦
qqwx：17859620560
15海中
18海职
不互粉互赞",福建 厦门市
,小鱼儿🐠吃虾米🦐,女,wx，xiaoyuer2019fa,福建 福州市
,李子手机照片成书只要39,女,喜欢把生活照、老照片保留起来仅此而已。需要可+喂❤Lhyxiaojing,福建 泉州市
chen8888L,乾坤大挪移之一,男,chen8888L人生就像一场戏，遇到困难莫生气。多吃蔬果茶泡起。传递生活存知己。,福建 厦门市
Yx20ysys,千里之寻＠,男,"爱好：喜欢听歌以及唱歌，k 歌号：1350754377

                喜欢交友，但不喜欢主动 。
           作品不在于好与不好
只再于心中负出的努力、便已知足，

              每日上班繁忙，作品不在更新，敬请谅解，
                         有时间在继续更新。
喜欢者。双击@关注，期待我未来的作品@

Q：1870688258",福建 福州市
,☺⃢👁━👁⃢☺我大哥,男,手机版绝地求生，刺激战场，QQ版游戏名字:（和生），微信版游戏名字:（快手搜和生）,福建 三明市
,☔️未雨绸缪,男,"微信：qq65072305
人生就像一次旅行，从起点到终点，不在乎目的地如何，更在乎的沿途的风景和一起旅行的人，欣赏到的每一幅美景，体会到旅行的乐趣！",福建 莆田市
,山里的 造梦者 冲200,男,"2016年进入快手玩易拉罐 易拉罐创始人

2017年上过腾讯 中国人的一天。

2019年正月初一上过 央视新wen联播

今后给大家带来。不一样的手工制作。 传递正能量",福建 三明市
wrdq0930,温柔纤w,女,"weibo：lqqian

👚👟：shun88-77 （同款)  

💄    lqq09302002

群:984749940

不接推广
感谢陪伴",福建
YC666zwf,亦可（高能舞团）,男,"前方高能❗ 

                💯高能舞团原创编舞

                🕗直播时间：18：00-19:30

                ❤️V：yike131013（亦可同款）

                👨‍👨‍👦‍👦铁粉🐧群：696250444💕

持续更新❤️宠粉狂魔❤️感谢支持",福建 福州市
pangbai000815,旁白❤迷你世界刺激战场,女,"他在关注你哦

感谢官方快手

QQ:389319614(微信一样)
粉丝群:708479093
粉丝群:276471524
粉丝群:701404710",福建 福州市
,原来是平儿🍎,女,"关注我 ，为我加油好孕❤️

xiamen662",福建 厦门市
lu6033759,喵老师🐱🐱,女,"🙋中职学校电商专业老师

👏新媒体电商实战教学

🙇视频拍摄剪辑学生运营

VV:tianhui2828

 qq群:673379940",福建 宁德市
Ge777777,探梦学渣,男,"💪我叫王大力 ，不吃力力的力力

🤪感谢你这么好看还关注我

😁周一到周六晚七点直播间等你哟

🥰快接单：cxx6556",福建 厦门市
lqf666666yyqx,春夏☃︎,女,"干净脱俗 温柔上进
v：linqingfeng6（脸上用的tong款🛒）
Q：2320598343",福建 漳州市
k66666666,侠客阿坤 （乾坤大院）,男,"侠客阿坤王者荣耀真人版第一人， 家人们我主页小店里的商品，都是淘宝天猫商家为了冲销量，给的优惠幅度都特别大。我会不断更新商品，大家有空常进来逛逛，总有一款是你想要的。网络时代我们只买对的不买贵的，物美价廉才是硬道理。
个人维❤：kunge-6666 合作维❤：az411915134",福建 宁德市
ac888888888,美食雕刻入门教学-阿成,男,"⚡️厦门新东方烹饪教师，
⚡️05年入行曾在多家酒店酒楼工作，
⚡️邓超大师关门弟子，
⚡️天赋就是努力加汗水！w123628265
⚡️爱好旅游锻炼，动物
⚡️诚意与大家交流分享雕刻，烹饪知识。感
     谢快手平台！
⚡️",福建 厦门市
w2306091,于木结缘—刘一手,男,"中国手艺博大精深

木雕传承

vx：18860112302
喜欢的多多支持手艺人
感谢官方提供一个展示木雕制作过程
不定时更新、不定时直播",福建 福州市
mimi11112,Miss 洁洁J,女,"给我一个小小的关注好不好😩😩

来自地球的一个小可爱


身高:163cm

年龄:18",福建 福州市
TTxy2019,吃货倩倩✨,女,"一个爱课堂吃零食的小仙女

每晚7.30点直播 ❤️微博 笑园玲倩

快接单：cxx6556

谢谢你们能喜欢💕

企鹅🐧3268487078",福建 厦门市
CDDhehehe,🌸绝世的陈逗逗🌸湖人,女,"绿色平台
👟：nk9266",福建 福州市
,最美丽丽🍃,女,"🍁感谢快手平台让我们相识一起！

🍁每天晚上直播  胃心LiLi976111不闲聊

🍁唯一快手小号 hxqy976155
      
🍁一个视频不能了解我，点个关注慢慢了解！

🍁主播从不主动加任何人v，切记，凡有定是冒充。",福建 莆田市
Qi1119873092,舞～君主,女,"❤️感恩快手平台
❤️小本创业运营者，起点低，发展速度快
❤️V心(1):k5781y
❤️V心(2):z1119873091",福建 厦门市
zi830999,二吖.a,女,"小姐姐家甩脂👉️：zi8309

感谢官方大大的热门💕️

评论里的不要相信 防止被骗",福建 宁德市
zhao5253,小啊梦 .🍒,女,"❤感谢快手让我遇到你们 ❤    

               Q🍓：2392942257    
  Q聊天群：593321050 满了    群②：941795803
      (关注了就不要离开了喔)   实力宠粉ฅฅ*",福建 泉州市
Maliiii_,玛丽几岁了,女,"感谢快手官方


围博 》玛丽睡醒了

脸上的 眼睛的 身上的 》Hanc0203

🍑筹备中",福建 福州市
,静静有点甜_,女,"关注我就是我的姐妹啦🧚🏻‍♀️
乖乖别担心我哦

接寄拍👾
 
💄：PPdg8888-（非本人）
👚👕👗👖：kejing20020623（本人不闲聊
 没有任何🐧号 放聪明点哦
有最帅最有男友力的祥总了",福建 泉州市
lc130130,王者荣耀凌晨（天秀铠皇）,男,"⚜️国服铠铠⚜国服王昭君️⚜️ 每晚6点直播
感谢陪伴 感谢支持
生活不易 别轻易放弃！

vx：lc03188。Q群102328562",福建 福州市
gx59420-,王者荣耀苏楠【信仰铠皇】,男,"👤他在关注你哦
爱生活爱快手
支持快手正能量❤️❤️❤️
不是技术主播 但也不差 
拒绝任何演员😷 只打巅峰赛 排位 录素材
每晚8点铠皇专场在线守塔 记得来看 (目标15w粉)
q2944652965(扩列处友 岱打+主播不高冷)
粉丝群730500083(宠粉 出装铭文 唠嗑进）
不忘初心 方得始终❤️
(无名小卒 承蒙厚爱 感谢相遇 感谢陪伴❤️)",福建
baidakuhao,豪爱笑（比心）,男,"爱生活，爱穿搭。

            👔👞V+15980973531

 
性别:男♂身高1.8体重125斤

目标10w每一趟都要全力以赴",福建 厦门市
,冲锋号,男,"讲述军营故事，传播军营正能量

投稿邮箱：785266223@qq.com",福建 福州市
Sm201988888,三魅♠️大人,女,"❤️新手记得关注我哦😊
❤爱美️💄：sm201988888
❤️支持正能量",福建 厦门市
c66668681,橙橙        .,男,"最爱我的橙汁们♡
QQ：2489788696（接推小说.接寄拍.）",福建 龙岩市
FLP88888,可爱的朋哥哥。💝,男,"快接单：flphufu2

每晚8点直播😘记得围观📣

📣：最🔥猜歌段子原创❗️（猜歌王）

📣：最🔥对联原创（对联王）

📣：段子纯属原创❗️",福建 宁德市
moqin98K,黑衣、陌秦,男,"保护我方—秘书！

直播时间15:00-18:00(游戏解说)      20:00-23:00（带粉直播）

S5赛季四排无敌战神   S6赛季四排无敌战神

感谢你们关注幽默与技术合为一体的我！

(注意：本人没有任何小号，谨防上当受骗)",福建 宁德市
Xm15395951102wx,小敏·茶舍,女,"感谢快手平台
随缘
感谢老铁们关注 V❤️15395951102
五月十月茶季户外直播 其余时间段不定时直播",福建 泉州市
,♡小小敲可爱,女,"（2019祝你优秀，暴富，暴瘦🙆）

薇❤️： 958530061 （合作）
薇薇：958530061  扌户月夫 🔗
👀：JYR17516539971 （🔥dong）",福建 福州市
xzzx25520,造型师旋子,男,"刚玩快手大家请多关照！
感谢快手平台让我认识全世界更多朋友，在新的一年里旋子老师代表《聚美国际美妆培训》全体师生㊗️海内外朋友们：
身体健康！🐷万事如意！🌹
4月10号零基础新娘化妆造型班结束报名！
美甲 纹绣 美睫课程火热报名中……
客服微信：304090128（非诚勿扰）
地址：福建福清市万达广场写字楼A2座",福建 福州市
XHB33333,小羽一点也不胖🍓,女,"🌸小羽💗💗💗
🐧867951067
🛰️tianhui2828
🐧群673379940",福建 宁德市
ycl1359436694,浪玖.文字,女,"♡上面都是浪玖的人  
♡不管以什么身份  一直陪着我吧  好不好
♡有一天  我会把网戒了  把文字戒了  把你也戒了
♡ 我的文字      你的故事
♡QQ：1359436694（聊天）
♡QQ拿图号（空间拿图）（2470757362）
♡猪窝733847953
♡感谢官方
♡梦想1w粉丝",福建 莆田市
l9333933,宇智波旦旦,男,"我又饿了.1.1出生.单.推➕Q私.
旦旦只玩快手别被骗了.没任何小号.
q2540659833 可以找我.（私信太多回不来）
群850610866 消息多来不及回复进.",福建 漳州市
M1396286,刺激战场猫猫（声优）,女,"人美声甜的搞笑主播！😆 
喂，听得到吗，我要跳p港还是G港，喂？

直播时间⏰ 午12:30 晚5:30 欢迎大家来看哦
技术不太硬但是能杀能冲还能撩
感謝支持 謝謝陪伴 一起吃鸡

🥇  铁粉名字后面加上：（猫猫）🥇
           让我眼熟你～哈哈

  🐧：1795598489  （拍段子）
小窝： 561545939 （改马甲➕群）",福建 厦门市
,由美子一,女,"🛒 身上穿的  yymzy1     （最后是数字1）

🐧q闲聊2801721871（女孩子）


我的床头有一个开关 我关掉了灯就打开了月亮",福建
c2825506091,ʚ千千ɞ 教p图,女,"♡感谢快手官方大大的每一次热门～
新QQ 1790941270👈🏻素材
更新P图滤镜教程拍照小技巧〰️
部分素材图源网络 侵删",福建 厦门市
,王者荣耀森渝·,男,"©️
国服最强孙悟空
q2243035145",福建 泉州市
,你的阿拉鱼❣️,女,"💥感谢快手官方 我会努力拍好每一个作品

💥「视频均为配音」

💥我喜欢听你的故事 把你的人和故事都留下来

💥我在等风等雨也在等你

💥回家吧❤️

💄VX：15059585221（备注来意）",福建 厦门市
,土到极致就是潮562,男,同款❤️：ddddw510,福建 厦门市
nizijiang2002,小  妮   儿,女,"vx：YXX15160156128
寄拍➕👆🏻
如果我很长时间没拆快递  那就代表我穷了",福建 福州市
Qc357846,王者荣耀 千城🐷,男,"很高兴认识大家  
制作视频我是认蒸的 但给你带来开心搞笑那是认真的
快手很大  能相遇 真的是种缘分
以后我会更加努力做好每个视频
以后不开心了 记得来看我喔
木马～
感谢快手绿色平台
精通各种视频制作🙂
Q裙 935015643
有问题问我 我都会回
爱你们哦小伙伴",福建 三明市
A755787215,安溪一林家茶妹,女,"感谢快手让我们相遇❤️

微信DFMC568闲聊勿加",福建 泉州市
Nvqingnian888,琳公子很6,女,"💕97年，身高164cm体重45kg
💕每晚10点直播
💕 🐮 🐮 🐟V♥️89163737",福建 龙岩市
gtds1234,果童大叔,男,"萌萌哒～老外大叔～在中国生活的趣事！
VX:Z8ZX888888",福建 厦门市
BYYQ3933,玉艺堂主,女,"爱官方，爱生活。一名雕刻师的日常。
交流薇:byyq3933。",福建 福州市
lianrong,户外荣少,男,"👤他在关注你哦   
❤️A0415350                  
    感谢支持+关注",福建
guiyangtangbao666,贵阳、唐宝,男,v芯:1250570729,福建 泉州市
XJHN6666,黑哥HG🏀爱鞋子,男,"可以走担保交易
高端V:yhyn6666
都是高价货.没有便宜低端版本.
我的格言:你把粉丝当傻子，粉丝把你当骗子。
傻子有福，骗子无路。",福建 福州市
wyf16953588,M我的人生未来不是梦。,女,"👉👉微微  www169535


来自农村大山里的丫头，自然淳朴生活,  能带给大家更多不一样的精彩,   感谢官方快手平台,  能给我展示的机会,   喜欢我的朋友多多关注点点爱💟",福建 泉州市
wkm88880,阿凯๑ins✨,男,"ins趣味/街健视频搬运


不定时更新，宁缺毋滥，只发精品💪🏻


期待中国街健的崛起，每一位街健的人都值得尊重，因为这群人有着非凡毅力！",福建 福州市
,贫穷料理,男,"不会b-box的rapper不是一个好厨子
记得按时吃饭～❤️
除了这个号
其余全是赝品～",福建 厦门市
WYF8886699,茶农家小妹123,女,"👉👉👉微微:www169535

☎15106058561

来自大山里的小姑娘，自然淳朴生活,  每天都会给大家带来不一样的精彩,   感谢官方快手平台,  能给我展示的机会,   喜欢我的朋友多多关注,  点点💝💝💝",福建 泉州市
a15105947712,蚂蚁匠心、 根雕：加工,男,喜欢的朋友加V 1⃣️8⃣️2⃣️5⃣️0⃣️5⃣️0⃣️6⃣️2⃣️2⃣️1⃣️。,福建 莆田市
x522295603,大帅，有点帅,女,"家有一只公哈士奇，名叫   大帅。今年3岁。坐标👉福建龙岩。

没有什么技能，经常高冷状态，偶尔发疯状态。

我们只专注鄙视表情。😂微信 x522295603

谢谢支持，会不定时更新视频",福建 龙岩市
JJJ88888,军哥篮球🏀习惯过了头.,男,"别人做得到的，我可以做得更好💪🏽

    👇🏻买篮球👇🏻
  淘宝搜索篮球
  按销量排名找

淘宝店铺名JG军哥很认真

今年25-身高171.5-体重138
虎扑路人王9次冠军🏆
Adidas中国签约草根球员

新浪微博:黄宇军不会扣篮
👆🏻👆🏻工作联系👆🏻👆🏻",福建 泉州市
A333333333,秘书 👑,女,"直播时间：每天晚上8点30，白天随缘直播🤗🤗  
真爱粉马甲：快手名后面➕（秘👑）
合作唯❤️：az411915134
祝大家每天都开开心心的😘😘😘",福建 宁德市
www520www520www520,秃头猫咪,女,"每天更新
vx ：shouhui19980208",福建 福州市
SaoTong1111,王者荣耀梓潼（国服守约）,男,"用十倍苦心.做突出一个.


谢谢官方爸爸给的热门🌹✨


梓潼是一个实力宠粉主播(护短）✨


第一个用百里守约打到全国第5的男人✨


带粉群1  873026410 
带粉群2  908136405
Q  340221500. 接Dai  备注来意",福建
