﻿快手ID,昵称,性别,简介,城市
kel00001,马哥♥创业正能量♥,男,"🙏感谢快手官方提供的绿色平台！                             
           👉     长树先长根   立人先立德
                      根乃树之基   德乃人之本
        每天更新作品免费教大家玩转短视频的方法和技巧，致力于帮，助更多人玩好快手短视频，少走弯路，让更多人受益，不忘初心，良心分享！♥♥",新疆
y17709953944,于归；,男,学生党于神,新疆 乌鲁木齐市
,乐享头牌hair salon创始人,男,vx:13139880976,新疆 乌鲁木齐市
,『励志语录』浩妈,女,感谢快手官方给的每一次热门，加油💋,新疆 塔城地区
wh1561356708,乌鲁木齐尕小伙椒麻鸡,男,"本人在新疆十五年的厨师生涯


专做新疆椒麻鸡和新疆各种美食

如果你对椒麻鸡感兴趣可以关注我
或私信我，广招学徒欢迎加盟！

感谢快手官方提供的平台！

V❤：Mx1561356708

☎18693817213


感谢每一位朋友的关注！",新疆 乌鲁木齐市
,新疆绿色养殖户,男,"我是来自新疆伊犁霍城县的一个养殖户，本人用新疆的品种羊和偶大利亚的萨福克种羊在做品种改良，有需要二代萨福克小种羊或者大种羊都可以关注我，期待3月20号会有一批精品的二代萨福克小羊羔诞生。
虽然我的养殖路线太过于平凡，但我敢说我走的是绿色养殖，关注我没毛病，让我们一起见证一条绿色的养殖过程。低调做人，高调做事。这是我的目标，我在努力。",新疆 伊犁哈萨克自治州
LangWeiXian001211,ʚ浪  味  仙ɞ,女,"02.12.11
努力的尽头是易烊千玺
WeChat ID：ZMR1211_
网易☁️⚡️台：爱吃糖的小朱（周末更新）
我的愿望是..身边的人都能天天开心",新疆
mzy22222222,"文天,",男,".


.",新疆 乌鲁木齐市
Ls0113__,双双没吃饱-,女,李双,新疆
w15009011879,YS.倩宝,女,"感谢官方提供一个绿色平台，让我们在这里相遇！

感谢一路以来支持我的小可爱们
承蒙厚爱",新疆 昌吉回族自治州
g999222000,二位师兄,男,"-记录动物世界  
-让更多的人进一步了解自然之美
-只在为大家提供观鸟渠道
-保护动物 人人有责
-切勿抓，捕动物
-鸟巢就在一个土石方工地旁边-工地24小时施工，很担心树被推掉。
（我们是观鸟爱好者，希望大家看到鸟爸鸟妈繁殖不易。切勿伤害大自然的每一个动物）
-（会不定期直播给大家看，直播不接受礼物，不以礼物为目的直播，只为让更多的人保护动物）
-感谢快手官方",新疆 阿克苏地区
caicaivvvvv,酩酊nn,女,"wb：酩酊m

最爱我的圈和大屌轩🌝",新疆 伊犁哈萨克自治州
msr2001110,- 马思睿.,男,马思睿带葛林谈一场甜甜的恋爱♥️,新疆
mzy13148,☾⋆诗໌້人໌້ᮨ,男,人群熙攘，你我陌路,新疆 伊犁哈萨克自治州
T123456787654321,你尔甭达麻,男,"二中！

4.6❤️


有她比你好看，也比你可爱😊",新疆 塔城地区
eliyar214,_依力_,男,"互粉的 私信呦
取关的 说一声 
        谢谢",新疆 乌鲁木齐市
a234949160,✨ ✨大海 💥,男,"累不死  继续干。
信仰要坚持。",新疆 乌鲁木齐市
mjeh75609634,八卦城孤狼🌊少军,男,管住自己的人是人杰，管不住自己的人是人渣。,新疆 伊犁哈萨克自治州
Ixy13779782528,走火入道,男,"感谢官方给这么好的平台 
👏      vx13779782528           
感谢快手 破1万开直播，送好看的塔河奇石 喜欢的双击666",新疆 阿克苏地区
,＠[讯豆]---嘿吖,男,☞感谢快手官方平台，听说关注的人最帅美，下一个会是你吗?你的关注，是作品将伴你而行，新人上台，谢谢你的关注（Thank you for attention）欢迎粉宝们QQ群：637246631,新疆 乌鲁木齐市
yy997920,一個人的相濡以沫,女,v，b1970844403,新疆 乌鲁木齐市
jklp1178070945,何大人86724😈,男,，,新疆 巴音郭楞蒙古自治州
,【袁少~hehe】,男,yuanxincheng1234,新疆 伊犁哈萨克自治州
,字母哥￥,男,字母哥给你带来快乐希望大家支持谢谢,新疆 乌鲁木齐市
,沙漠寻宝者18799063231,男,每天生活在冬天。😭😭😭11/11日。,新疆 哈密市
,ノ暗影☞独狼✔,男,"我是卡车司机
微信手机号17695076606",新疆 克拉玛依市
T3141285583,王者荣耀 元少宫本,男,底端局主播，谢谢你们的支持，我会努力的！,新疆 阿勒泰地区
wy123572357,宥尢741,女,农村宝妈,新疆 哈密市
vx17793618454,挖玉人：＠小李,男,感谢官方给的这个平台@让我认识了很多的玉友，每天带大家到挖玉现场和市场：让我们共同努力，微信1779361845为自己的梦想加油，干就完了！,新疆 和田地区
mayi0327,小漂婆~,女,"vx:3024204552   ➕👁                 女生加


16",新疆 哈密市
,维护我的&少女心£,女,成功只有努力，不努力改变的是你的人生，努力吧^_^,新疆 哈密市
WWQX1335,❤L小甜儿（陪你到老）❤,女,"🌸谢谢你们那么可爱的还关注我🌸

✨不忘初心，方得始终✨

🎉🎉🎉🎉🎉有多少诋毁就有多少赞美🎉🎉🎉

爱你们😘😘


感谢快手官方提供这么好的平台🙏🙏",新疆 伊犁哈萨克自治州
,❗亮哥❗,男,老师幽默，成熟增重,新疆 乌鲁木齐市
,꧁꫞꯭强꯭森꯭铁꯭粉꯭꫞,男,兴趣爱好：养花、烹饪、健身、上网、看电影！人不犯我，我不犯人。人若犯我，弄他！,新疆 伊犁哈萨克自治州
cxw938353413,旺（9182）,男,"山东     


感谢快手官方
在这里认识了五湖四海的朋友






让你见识一下，语文版数学题！[呲牙][呲牙][呲牙]
加法运算：
(  )言为定+(  )鸣惊人=(  )全其美
(  )亲不认+(  )触即发=(  )窍生烟
(  )体投地+(  )手遮天=(  )神无主
(  )令五申+(  )平八稳=(  )步之才
(  )通八达+(  )望无际=(  )湖四海
(  )龙戏珠+(  )零八落",新疆 吐鲁番市
zhujinr6688,ZJ荣发,男,有爱能温暖一切😊幸福一生！我的她在哪！,新疆 五家渠市
Xqw2512356,☞喜家大少☜,男,感谢快手官方    给我提供这么好的平台    让我认识这么多好朋友    有喜欢我的朋友可以互粉一下   互相学习    互相理解    感谢  如果你取关  那我随后,新疆 塔城地区
luliujie15699163287,水木年华974,男,我们身边总会有朋友感觉出我们很傻，请你记住这句话，不吃苦怎么能享福，不丢人怎么能成人，我拿你当朋友，自然会傻如果说不拿你当朋友，我比你爹都成熟。,新疆 乌鲁木齐市
happybirthey,甩你这叫霸气＠瑞,女,"💔💔💔

Iwillwaitforyou

💘💘
🍀🍀🍀🍀🍀🍀🍀🍀🍀🍀",新疆 阿克苏地区
qq2375829855,小梦浪王者荣耀,男,你开心吗，开心啊，那就好。,新疆 和田地区
,圍嫱ω仩哋貓,男,嘿嘿    vx:hxl4856659,新疆 阿克苏地区
yang13565002139,都说遇见你是最好的圆,男,13565002139,新疆 巴音郭楞蒙古自治州
a454910734,默默默笙🌹,男,无聊的人生,新疆 阿克苏地区
,古兒浪唲,男,甘肃武威市古浪县人    不随便拒绝人，也不随便答应人。不许愿，不吊人家胃口，不在无谓的事情上炫耀自己的能力。,新疆 巴音郭楞蒙古自治州
lhb25257758,兵哥带刀,男,"🔥全程红包暴力涨（新人榜低票多)
🔥早上8点  暴涨   下播甩
🔥晚上8点30暴涨  榜高加播
🔥中午不定时加播。
🔥感谢快手官方给予绿色平台
🔥传递正能量！从我做起！
未成年.弱势群体请不要给我刷礼物！",新疆 昌吉回族自治州
wwww98571,＠痴情海哥😘😘😘,男,单身一人喜欢唱歌跳舞，V信1877275434,新疆 乌鲁木齐市
zx147258po,杨家你三妹✌,女,"感谢官方多给热门 支持正能量

  关注就不要取关了哦 感谢陪伴

  ❤❤❤❤❤❤",新疆 乌鲁木齐市
xwming198711,扎西呗隆达,男,"爱已成灰，葬了未亡人！
情已成磐，碎了玻璃心！
钟已成冰，封了过去时！
物是人非，不堪回首！
今生已定，来世续缘！",新疆 塔城地区
duange6677,duan段天龙,男,"我爱官方大大，感谢快手绿色平台让记录我的生活！
         我现在是一名实习生（公交集团修理工）！",新疆 乌鲁木齐市
bai585543,“大♚白”“”,男,"只是变得沉默寡言   

                               不喜欢再去强求自己去追求得不到的东西  
 
“总该长大 总该试着去成熟 

                             放弃一些曾经你以为不能分离的东西 即使这个过程漫长且难捱 当做睡前关上的灯吧",新疆 伊犁哈萨克自治州
QQ1125520520,万年不变的爱❤️,女,"我穷，你陪我东山再起
我富，你陪我君临天下

愿得一人心，白首不分离❤️❤️
宝贝，我希望你记住，能陪你一生的人是我",新疆 乌鲁木齐市
Me905480942,Dawood-马,男,更好的自己,新疆 昌吉回族自治州
humingming789,天水 胡闹哥,男,不忘初心  方得始终,新疆 昌吉回族自治州
byn20020510,搂猫猫在怀💗,男,"苦尽甘来!定不负众望!



中意孟子钰❤",新疆 昌吉回族自治州
,曖Ф昧〆圥玍,男,"🌹🌹世界上有一条很长很美的路，叫梦想；🍀🍀
             
       有一堵很高很硬的墙，叫现实；
           
           翻越那堵墙，叫做坚持；
        
              推倒那堵墙，叫做突破；
       
           坚定不移的过程，叫做定力；
   
     不忘初心的努力，叫做信念。",新疆 哈密市
,欢乐逗妞,男,VxASNW15041349553,新疆 昌吉回族自治州
,叶振24ppY46d,男,2555,新疆 克拉玛依市
xxwy888888,越南户外_眨眼哥,男,感谢官方提供的平台！喜欢交友感谢关注！,新疆 巴音郭楞蒙古自治州
,啾钢蛋。,男,我爱你 后来光阴单薄， 年月时日都从肩头剥落， 你当然可以忘记我， 可答应我别忘记那年盛夏， 我们哭着拥抱， 承诺彼此， 再也不难过。再见,新疆 克孜勒苏柯尔克孜自治州
XL4209552,A.  九姨,女,".ღ 

       ⁢⁢⁢⁢爱是 L.J


  小阿丽🚶",新疆 乌鲁木齐市
,会飞的鱼28026,男,想要关注的私信我吧，想取关的就取吧我会随时把你清理掉😂😂,新疆 昌吉回族自治州
,活跃7,男,一个男人，就得像齐天大圣一样！爱过、恨过、辉煌过、落魄过、拼过、战过、努力过、也被人算计过、可是我，什么时候怕过！,新疆 乌鲁木齐市
qdq19890430,大-狮-子,男,我是一只威武雄壮的大狮子🦁,新疆 克拉玛依市
pazila-2856,还在黑名单.–,女,꯭决꯭定꯭要꯭忘꯭记꯭的꯭人꯭.꯭再꯭见꯭到꯭就꯭别꯭再꯭心꯭潮꯭澎꯭湃꯭了꯭ ꯭,新疆
,ㅤ小熊饼干,女,默默关注吧,新疆 克拉玛依市
XLg6666668,刷墙🆚小妹,女,感谢快手官方,新疆 乌鲁木齐市
,魅力妩媚儿,女,，感谢关注我的老铁们，关注就不要取消了，精彩继续，给我顶到底，我不富不美，但我有气质，活泼辣妹子，,新疆 巴音郭楞蒙古自治州
,Delusion～♡,女,本人÷中 要互粉的话  私信 就行 ☞💜💛💚💙💝💖💗 挚友♂~💕  hxy   Px    加我QQ 🎐不给 😂🎐 好了，开玩笑的  私信给你 😊  🎏,新疆
,西域宝柱,男,和田玉世家。jichao0326,新疆 乌鲁木齐市
uyggvvhl,孤《毒》吗,男,"非常感谢官方给的绿色平台👍👍
我不好
也不坏
你不爱
我不在


            如果要有下辈子我一定做你的心脏，因为我不挑的时候你就得死。💔💔💔
             真的我想了很久就你了，
                 
                            加油！",新疆 巴音郭楞蒙古自治州
,雪豹8455,男,自由人,新疆 克拉玛依市
Bestlove5607,毛毛细 雨 情,男,静静的等待……,新疆 石河子市
,刘7085,男,静水深流，荣辱不惊,新疆 喀什地区
,小白正能量918,女,大家好，靠谁都不如靠自己。坚持到无能为力，拼搏到感动自己。卫星'w1975295112,新疆 石河子市
,这个适合你,男,微x13095096867,新疆 石河子市
ljf9685327,҉余҉生҉ 勿҉扰҉,男,"我这个人不是脾气好，而是我能忍。

我只对兄弟重情重义，对爱人好好珍惜。

如果我的脾气好，换来的是你的得寸进尺。

那对不起，我忍够了，也是时候还了。

记住，狗急了会跳墙，猫急了也会变成一只老虎。

今天你瞧不起的人，有可能就是你明天惹不起的神。

请不要狗眼看人低，善待身边的每一个人，朋友也好兄弟也罢，如果你看不起，有可能第二天他就是你惹不起的神。

且行且珍惜。

本人永久联系QQ号码2794490643",新疆 石河子市
jtlq123456,永琪游戏直播,女,"喜欢画质精美的大型单机游戏
需喓手游版＋扣Q：2544468087
每晚10点直播
万千主播之中，你能关注我，是我们的缘分，我将把我最精彩的直播和作品带给你！",新疆 塔城地区
ningning5918,小宁啊《冲刺30万》,男,"感恩快手官方给予的每一个热门
     
             微❤啊      n6668809",新疆 乌鲁木齐市
Zt999999,塞外仲天哥💢.,男,"♟他在关注你哦
可能你混得很牛B  但是我未必屌你
我仍旧是那5亿少女的梦想✔
塞外家族粉丝裙Guccl1111",新疆 阿拉尔市
,伪装一丝坚强S,女,"感谢快手官方交友平台！

穿云箭➕私V


喜欢就关注一下唯一一个小号422017376


每天晚上九点左右直播！",新疆 哈密市
zyt520ks,寒兮姐姐.💭（10w）,女,"有时间去嫉妒为什么不去奋斗&.

唯一QQ:2748978363 

创耶VX:18399887362

师傅:王逸轩.♡   偶像:陈翔.♡  感谢陪伴！",新疆 哈密市
XYR2913775466,子艺要抱抱💚,女,"支持快手绿色平台，感谢官方大大让我热门💚

抱歉呐，宝贝，不互关鸭❤

微信，QQ已上限呐！",新疆 巴音郭楞蒙古自治州
b2047525314,ckn.bro🇷🇺,男,"感谢关注      网易云：8a总

🎧     感谢支持

         爱官方🤘🏼🤘🏼🤘🏼
        
         做我徒弟的私信",新疆 阿勒泰地区
DL071600,$Dillnaz$,女,"Weibo：娜孜姐姐-
Urumqi
All are equal.",新疆 乌鲁木齐市
FacebookMujin,🍃小叶子🌿酱,女,"🇯🇵在日本大阪大学从医🍃  
    💘做最好真实的你自己🍃 
       🍁开心健康快乐最重要🍃
           ✨不定时时去户外直播🍃
                🔱非常感谢快手这平台🍃
                  🎵穿梭与大阪京都之间                 LINE：mujin19940726 注明来意（已有男票）请注意你的言辞，谢谢
               “全网拍艺伎小姐姐第一人”",新疆 伊犁哈萨克自治州
,小锡-Cool,男,"🍃QQ:1736675774     
    🍃爱好: 跳舞～",新疆 伊犁哈萨克自治州
sibo0501,卢广民书法,男,"感谢快手官方，感谢老铁支持！
卢广民，字少勤，笔名思博
中国书画艺术之乡白云书画院（新疆分院）院长
敬请各位方家斧正。

白天不定时直播，晚上9：30直播。
有需要的加V❤：17799264772",新疆 乌鲁木齐市
,🔻晚啦啦🔺,女,"莫 道 桑 榆 晚，为 星 尚 满 天
 
尚班族、闲时业余玩快手，感谢老铁们的
关注！支持！
坐标：乌鲁木齐
有事朋友私信我或微我a15208280787",新疆 乌鲁木齐市
,王歪歪beatbox,女,"合作私聊

喜欢什么就去努力吧

围脖：王歪歪beatboxer",新疆
,TSK色彩教育、少杰,男,"感恩快手。
本人是色彩爱好者。
团队主要做微潮色、生活色。如何做到健康的染色。不漂不褪色一步到位潮色、多段发一步到位潮色。生活色。覆盖白发最简单最快捷的方法。请关注我给大家不定时更新！
    分享学习群➕v18399787755",新疆 昌吉回族自治州
,籽料原石小雨,男,"以玉结缘！   广交天下朋友👉 V❤:18690302190
每天下午四点直播代购！！！

播种和收获不在一个季节，你只管努力，其他交给天意！",新疆 和田地区
Ayantingchun,《刺激战场逸晨》,男,抽过最苦的烟，喝过最烈的酒。就是没有遇到一段刻骨铭心的爱情。抹去悲伤我依旧是皇！微信yantingchun1314520,新疆 吐鲁番市
ZY15199979937,卓艳967,女,"爱生活爱美丽
VX_ZY15199979937
call_15199979937",新疆 塔城地区
xb1767621708,白羽飞＠,男,"感谢快手平台，一直以来的支持。
大家好，我是来自新疆昌吉的小伙，我叫白羽飞，感谢大家的支持，谢谢
家:新疆
老家:陕西
现居:宁波金华职业技术学院
个人QQ1767621708
专业:还没定",新疆 昌吉回族自治州
Q66677732,杯尽人愁♑,男,QQ3312083646,新疆 伊犁哈萨克自治州
,新疆水果•（007）,男,"新疆各大产地代收、代办（哈密瓜🍈，吐鲁番葡萄🍇，库尔勒香梨🍐，阿克苏苹果🍎），零单整批。
经营水果的朋友们推荐和关注
闲暇时喜欢唱两首不成熟的破歌😄
本人纯属农民👩‍🌾，力所能及的为农户去推广和销售农产品😄
咨询📱：18809952666(V信同步)",新疆 吐鲁番市
,轭恒！,男,"奇台人  

名字：轭恒 

qq 3336439239   

微信 hh3336439239

喜欢交友  单不交狗🐶",新疆 昌吉回族自治州
XBZBZCGLLH,搜索花ɡ❗（单身）,女,"她在关注你哦

我相信爱情？         不错😏

十几岁的年纪 你跟我谈什么永远😏

跟我玩 比你混社会还有面子😏

一笑而过   记住花g人挺好😏

别打听我  我好不好 跟你有关系吗？

人活着诚实点 直接点 我很饿 我想喝酒 我喜欢你😏

坐标🔥           江西🔥赣州

拒绝一切暧昧   不清感情❌

哦哦哦  你叫什么😏",新疆 乌鲁木齐市
,qw 0000010,女,ᴘ̶ᴇ̶ᴀ̶ᴄ̶ᴇ̶ᴍ̶ɪ̶ɴ̶ᴜ̶s̶ᴏ̶ɴ̶ᴇ̶,新疆 伊犁哈萨克自治州
ABCD2018629,石缘.金丝玉.行,男,"感谢快手平台！给与我展示新疆美玉的机会。
本人在新疆省的杜热、182团、184团的戈壁滩上捡金丝玉多年，捡了很多金丝玉、细料、冻料、光料、宝石光、玛瑙、沙漠漆、泥石等等。
喜欢金丝玉的朋友：＋关注+微信私聊…。
微信：A2015811B
手机：17078062826
直播时间：每天晚上20点～23点准时直播，其它时间段不定时直播。",新疆 塔城地区
LH219897192,✨社会闪耀你虎哥💫💫,男,"现在的你不努力，以后怎么像曾经那些看不起你，嘲笑你，贬低你，背叛过你的人d证明当初他们的眼睛有多瞎！❕
少了联系就变淡的感情我不稀罕,闹了别扭就离开的感情我不挽留 
不定时直播，欢迎朋友进我直播间看我直播
✨✨✨️快手不倒、陪你到老，诚信交友互粉，虎哥直播间欢迎各位老铁，朋友。✨️✨️✨️",新疆 乌鲁木齐市
m685185674,小不点91774,男,QQ粉丝群859570561有外服游戏,新疆 巴音郭楞蒙古自治州
Mm1191503976,-   大西北的感觉づ,男,"爱好《游戏》LOL绝地求生

你敬我一尺  我就敬你一丈

我就是这样    注定和你不一样

都是第一次做人  我凭什么让着你！

                   喜则留 厌则走 ！！

            感谢快手官方   多谢关注！！！",新疆 乌鲁木齐市
,废女神🎐,女,"爱权志龙
P",新疆 阿勒泰地区
xiaoma123456789,҉金҉门҉吊҉匪҉，,男,"Q号:914128313


得了骑士病    没有骑士命    手握油门圣火令     此生不忘机车命     加油，努力明年买个125😂",新疆 伊犁哈萨克自治州
jtlq123456,永琪游戏直播,女,"喜欢画质精美的大型单机游戏
需喓手游版＋扣Q：1666729399
每晚10点直播
万千主播之中，你能关注我，是我们的缘分，我将把我最精彩的直播和作品带给你！",新疆 塔城地区
dszg1688,姬娜造型 志雄,男,"我是     志雄  🎓

或许～最好看的你在我这里

全国预约➕胃❤️dszg1688",新疆 石河子市
,随风【漫威崛起】X.y,男,"漫威不倒陪你到老🔥


快手不倒，陪你到老🔥

每天不定时更新

可投稿音乐哦！


保图教程：复制链接浏览器搜索长按保存图片。

目标：2w

最爱漫威！

致敬漫威之父：斯坦李


不互粉！不互粉！",新疆 塔城地区
xgj555555,撸铁小公举,女,"❤️ 世上所有的福气 都是你积攒的善良 努力 好心态和一切好习惯❤️ 
             💕 鞋 ：asy7979",新疆 昌吉回族自治州
CJDCG15909053343,新疆醉秋治印,男,"专注于纯手工治印；独爱篆隶，喜欢书画。治印 v：15909053343 仅通此号！

——人生如果尝过一回痛快淋漓的风景，写过一篇杜鹃啼血的文章，与一个赏心悦目的人错肩，也就足够了。

天涯外，是一份遥望；咫尺内，是一份温暖！

快手伴你一路同行——",新疆 昌吉回族自治州
Abdulla0626,索隆…~,男,"网易云: vw626

怎么开心怎么来.

赞都点了 关注点一点呗

+Q:796134012",新疆
Lmm18999191243,玉见新疆,男,"真心感谢快手官方提供的平台！
绿色快手，传递正能量玉石文化！
微：vgj0991",新疆 和田地区
l1878098852,王者荣耀主宰『达摩吕布』,男,"🌹我是主宰🌹
                            🌷来自新疆大陆🌷
                                🔥爱玩达摩🔥
                     🍁尽量带来不一样的玩法🍁
                            🔥 爱达摩玩主宰🔥
                            🔥看吕布玩主宰🔥
Q裙欢迎加入主宰大大的粉丝群，群聊号码：530444611
qq:1878098852",新疆 喀什地区
