﻿快手ID,昵称,性别,简介,城市
yangxiao98,AAA_杨仔（绝地求生）,男,"哈喽,你们好,我叫杨仔,承蒙厚爱❤

感谢快手官方给予一个绿色平台

精心制作每个段子,只为大家开心

团队成员搜索：AAA（绝地求生）",内蒙古 通辽市
Z1957661839,从容不迫.·,男,"成熟点 博弈   
上岸了   勿扰
为你 也为我",内蒙古 鄂尔多斯市
,跳跳猪➰🐷,女,"-感谢官方感谢小猪们🐷

-本人与视频不符哈哈哈哈🐷

-每晚直播🐷",内蒙古 巴彦淖尔市
a13614823341,俊仔一刀,男,"大名美厨，别再盗我作品了，谢谢大家，本人老家是东北阿荣旗的，，在包头上班，,,喂x,1985696139",内蒙古 包头市
,吊顶妹儿☞精匠联盟☜,女,"🌻。V：longaiying 1199---V:long yingying 2828

🌻。作品里不定时更新一些吊顶的一些小窍门
🌻。每天晚上📺8:30直播
🌻。吊顶妹儿的直播间小课堂，手把手教学开课啦
🌻。每周2、周4、周六、周日、晚8点
🌻。1⃣️下水管弯头的几种方法
🌻。2⃣️悬空半包、整包热水器教程
🌻。3⃣️初学者如何起板、对缝调缝、
🌻。4⃣️接浴霸、包梁、二级棚
🌻。自创研发：包梁用的45度折板器，90度的折板神器 定位裁板尺 精准定位尺 欢迎选购",内蒙古 呼伦贝尔市
,云丫头819,女,"请你，每天记得保养自己，
穿上喜欢的衣裳，
不羡慕谁，不依赖谁，
静悄悄的努力，活成自己想要的模样☀☀",内蒙古 呼伦贝尔市
,蒙古人牛肉干,女,"感谢官方

❤️:
13847458269
内蒙古通辽市

不主动私信任何人，主动私信你的一定是骗子！",内蒙古 通辽市
Z19980789,养狼的女孩月儿,女,我是养狼的女孩月儿，每天中午十二点直播！从小喜欢犬科动物，十六岁开始养狼，至今四年多，保护野生动物，人人有责，我不卖任何关于狼的产品，希望大家多多理解，感谢大家！,内蒙古 赤峰市
hongze2200,星光大道洪泽,男,"洪泽，参加了2016年4月16日星光大道，2017年11月29日越战越勇，获得冠军                                     

V❤️        18047507280",内蒙古 通辽市
,郝丽1176,女,喜欢唱歌二人台，感谢这个平台让我认识大家，感谢大家一路的支持和陪伴，15124876788微信同号,内蒙古 包头市
Liu2777baby,刘思瑶baby~~,女,"爱好越野，技术一般，就是敢玩儿~~

路遥知马力，日久见人心~

喜欢的关注~不定期更新视频~~",内蒙古 包头市
,爱雪,女,我是俩个孩子的妈妈，没事喜欢拍点视频，感谢快手平台，喜欢我的家人们就关注我吧，谢谢🙏,内蒙古 呼伦贝尔市
,红城小腾格尔黎明,男,"爱师。兴安腾格尔
姓名:黎明。蒙古族
直播时间！下午5:00——7:00直播
家乡:内蒙古自治区。科尔沁右翼前旗。
高唱我歌。永不停歇。传承民族文化。
每天更新段子。",内蒙古 兴安盟
yxl340701766,梓淇大宝💋,女,"支持官方🙏支持正能量👍不忘初心方得始终💪💪希望大家多多支持爱跳舞的蒙古女孩大宝💋💋       

  

                 👉每晚七点半直播👈

                 💞承蒙厚爱    感谢不弃🙏",内蒙古 通辽市
Xiaokun7777,小 坤（农民代表）,男,"啤酒🍻瓶子别墅第一人
矿泉水瓶子造船第一人
矿泉水瓶子盖别墅第一人
每天晚上九点直播讲农村题材故事！
微信：1286120715",内蒙古 兴安盟
,大海{再创辉煌}破六十万,男,"感谢官方提供快手这么好的平台！                                                          
唯有强大自己！别人才会看的起你！

我是一个平凡的小主播！
每天直播时间不定时！


感谢所有朋友！关注我！支持我！
直播路上很艰苦！

我会坚持下去！
不辜负支持我，疼爱我的所有人！


祝所有关注我的朋友2018一路发！

大海{再创辉煌！真诚敬上！vx 1041694921",内蒙古 呼伦贝尔市
ID1180344046,小光书法,男,李晓光，男，快手名;小光书法！70后！没有吓人的名头！只有老老实实的做人，本本分分写字！根植于传统！拜王羲之和米芾二位先贤为师！笔耕三十年小有成绩！网上书法教学！作品定制！加微;13947643739！微电同步！,内蒙古 赤峰市
Gl062212345678,◆沵個傻zi.,男,"郭磊～

宝昌，初二党

QQ:2395825733
已有对象，拒撩
张琳璐💞
互～",内蒙古 锡林郭勒盟
dingsanzi666,闭月羞花王大拿.,男,"一个作品保存一辈子.



    感谢陪伴 我爱你们",内蒙古 赤峰市
LR987654,刘茹呗,女,李博💓,内蒙古 乌兰察布市
sym89754,氵名哥哥.,男,做这条gai最靓的崽,内蒙古 呼伦贝尔市
,＠宇总✘,男,"我TM只是个眼瞎◎
无感情♥
做一个无人不知的恶魔✔
人不犯我我不犯人✘
小事可忍♀
触碰我底线*
忍无可忍无许在忍￡
永远看不透我在想什么\(^o^)/YES！
碰老子的女人我定让他死%

华研
初二
嘻嘻

做人要狠
做事要稳

😘😘

互粉私信

取关透气",内蒙古 鄂尔多斯市
D1992613,七七（黑化）,女,💔,内蒙古 通辽市
b2003621,宏  琳ق,男,杜克RJ.5   🏀,内蒙古 呼伦贝尔市
Ha616997,horde:D早已背弃,男,"简简单单

平平淡淡

飘飘荡荡",内蒙古 呼伦贝尔市
qym871133764,囍恶～,男,shi       yun        zhuo,内蒙古 巴彦淖尔市
CJ1479928483,–神州太平–,女,当全世界背叛了你，没事你还有你自己🌙,内蒙古 锡林郭勒盟
,尤失。483,男,人品但求思👌,内蒙古 包头市
wei19921027,梦想成真04147,女,我喜欢出去玩耍。,内蒙古 呼和浩特市
,世外桃源1457,男,人可以丢掉沉重包负，丢掉不好的东西，丢掉坏心眼的人，童心绝对不可以丢掉。童心是无价之宝，是年轻健康长寿的不老仙药。童心让生活多姿多彩。,内蒙古 巴彦淖尔市
,呼伦贝尔杰,女,感谢快手平台让我认识好多朋友们。,内蒙古 呼伦贝尔市
,铁琴🌹,女,一个人总是仰望和羡慕着别人的幸福，一回头，却发现自己正被别人仰望和羡慕着。其实，每个人都是幸福的，只是你的幸福常常在别人的眼里。幸福这座山，原本就没有顶，没有头。你要学会走走停停，看看山岚，赏赏虹霓，吹吹清风……心里在放松中得到生活的满足！我是你们的mc铁琴阿姨，十足的辣妈！感谢家庭，感谢生活给我带来的快乐！请融入我的养生、娱乐、餐饮，为一体的锅碗瓢盆儿交响乐队。多彩的生活等你来哟！点击关注哦💝💝,内蒙古 通辽市
,夕阳下★童话一般的世界,男,认真对待٩(๑^o^๑)۶每一天,内蒙古 呼和浩特市
,心与心💑 💗,女,$666,内蒙古 呼伦贝尔市
,摩登慧梓,女,"H15598899019
想学化妆不会化妆的关注我带你一起变美
感谢快手绿色平台
🙏🙏感谢快手官方所有工作人员

🙏🙏留下你们红心❤❤❤❤❤❤❤❤

🙏🙏🙏🙏🙏🙏🙏感谢大家的关注🙏🙏",内蒙古 呼伦贝尔市
MGLAY1007,♣️аин.,男,"🚬💗联合旗🔫
                        很简单的蒙古人🤙🏿



                    Mongolаян 💛

做人不要太傲☠️
谁没有点面子☠️",内蒙古 包头市
,*六六六*,男,还没想好呢,内蒙古 呼和浩特市
C15104741547,慧慧15470,男,笑人不如人😊😊😊,内蒙古 乌兰察布市
lifengyu521,☔️赤峰番茄☔️疯宇,男,"长胜番茄基地👌☔️跟着感觉走☔️李凤宇
                  
                   qq:776223840
                    微信：  18747603411
               经营高端直播声卡，麦克风。

            感谢每位好朋友的支持，交四海八方朋友，谢谢朋友。",内蒙古 赤峰市
,白白【姬存希】,女,"感谢快手官方


微信15048193922",内蒙古 包头市
,阿星251,女,"我们的关系，不删除，不联系
比陌生人熟悉，比熟悉人陌生
都说，人生，不是最好的结果，就不是最后的结果
期待……
另一段……
最美好的相遇",内蒙古 包头市
waiyangna,停，别闹,男,感谢快手直播,内蒙古 巴彦淖尔市
tanheyuanthy,LOVEξ纟,男,(^_^),内蒙古 赤峰市
fr4400866,内蒙~为亻尔垨候ミ,女,人不知道自己有错，蛇不知道自己有毒,内蒙古
,手工各种玫瑰花🌹制作♛,男,"微信:779488387
         送女友🌹🌹🌹🌹🌹🌹🌹🌹🌹
         送朋友🌹🌹🌹🌹🌹🌹🌹🌹🌹
         送亲戚🌹🌹🌹🌹🌹🌹🌹🌹🌹
         送情人🌹🌹🌹🌹🌹🌹🌹🌹🌹
      各种玫瑰花纯手工制作，需要的加上方微信详聊。你想要的这里都有😍😍😍",内蒙古 呼和浩特市
,古拉蒙奇,女,第一次玩快手，多多包涵，我们可以互关。因为我想直播……让更多人懂我，分享一些健康食谱给大家，感谢快手官方这么一个大平台。,内蒙古 赤峰市
wlp13304748302,天王-扭转乾坤,男,感谢快手平台，快乐成长，绿色环保,内蒙古 乌兰察布市
BMWGQJF666,蒙古音乐人,男,"我是一个爱歌者

听歌曲  唱歌曲   使我快乐美好的度过每一天每一分每一秒",内蒙古 呼伦贝尔市
,欣怡爱健身正能量,女,"🔺感谢快手官方  支持正能量
🔺快手不倒 欣怡陪你到老

🔺每晚八点带大家直播间一起运动 变瘦 变美✌️",内蒙古 鄂尔多斯市
,农村の小娃娃,男,口. 口     517211578                                                                        职言           开大滴滴                                                                                        家庭地址！！！！清水河山狗狗,内蒙古 呼和浩特市
,学习更好555,男,强哥的时候,内蒙古 呼和浩特市
,馨宝🎀果果,女,百度再牛逼，也查不出姐的未来！！,内蒙古 巴彦淖尔市
,NewUserQQ07D613,男,平安。,内蒙古 呼和浩特市
,罕00,男,😜😜😜😜,内蒙古 通辽市
,卡车大嫂,男,感谢快手这个平台，给我很多机会，让我认识了，很多好朋友。谢谢平安到老,内蒙古 呼伦贝尔市
AA18747448095,汇宝团队.,男,好(✪▽✪),内蒙古 通辽市
irs201605,匠人 阿穆尔,男,"感谢快手平台为手艺人提供这样绿色平台
继承与传承民族传统文化
记录自己创作作品 ✌❤️bnm201701",内蒙古 呼伦贝尔市
,小猪    配骑🐷,男,每一天为明天,内蒙古 通辽市
jinyijian19999,128  DJ大健,男,传递正能量，诋毁负能量，原创作品经典大实话，歌曲，二人转，跳舞串烧，快手不倒陪弟到老,内蒙古 通辽市
,扎兰屯市未婚31,男,今年。31岁未婚15648049388,内蒙古 呼伦贝尔市
,👫牵手一生8481,男,👫,内蒙古 兴安盟
gdtx9999,呼伦贝尔☞囍之郎,男,关于明天的事 我们后天就知道了！,内蒙古 呼伦贝尔市
,M. H. B 💋,男,"几乎每个人都听过：
“不忘初心，方得始终”

却少有人知道下一句：
“初心易得，始终难守”
做任何事情，难在坚持，贵在坚持…",内蒙古 通辽市
,月光4141,女,只有自己知道我在经历什么？,内蒙古 呼伦贝尔市
l342099612,༺不朽的青春༻,男,我不喜欢酒的味道，但喜欢醉的感觉！偶尔醉是一种心灵上的解压。有人说，不会抽烟的人，是没有味道的人。不会喝酒的人就是不解风情之人。其实，爱上的不是酒，而是端起酒杯的瞬间，将心事一点点的融入酒中，喝下的不仅是酒，是一点开心，一点伤感，一点回忆，一点哀愁，一些想念和一些无法对别人诉说的故事，把愉快和不愉快事情融入酒中！我干了，你随意……,内蒙古 赤峰市
zhanglei0825,三七二十一☝,男,想要出人头地，靠嘴谈何容易！,内蒙古 巴彦淖尔市
,金↹豹,男,啥刀切啥菜  啥人啥对待,内蒙古 兴安盟
,蒙古 扎鲁,男,做人就像神经病一样活泼开朗！,内蒙古 赤峰市
kaixinziji2019,放开自己心,男,为自己的理想而奋斗，拼搏吧，自己。,内蒙古 通辽市
lsx18347576802,盼か归,男,"QQ：2540164657
          2112073618



微♥：zlnlm1998
             17547528396
             2540164657




                 (♧◑ω◑)☞♡黑色未来♡☜(◐ω◐♧)",内蒙古 通辽市
Cyyy1314521,草原游鱼,男,佩服所有有才艺的朋友,内蒙古 锡林郭勒盟
ID283240000,达茂旗八达摩托车商行,男,"Cv驸马
本店经销
豪爵铃木
雅马哈
豪爵铃木雅马哈原厂摩托配件
常年出售二手摩托车欢迎惠顾
wx电话13684723110",内蒙古 包头市
,福乐顺,男,出售单桥翻斗车，玉柴发动机，车在五原。电话18047321089,内蒙古 乌海市
,我命由我～不由天471,男,感谢快手官方，！！！！                                           我只想好好的生活。没有攀比，低调做人，高调做事！我本善良！但，，，，，，我有我的底线！！！,内蒙古 通辽市
QAZ3234546283,奶块随风吖,男,"本人玩奶块

转应许了
村在17左上朵阿朵。
只玩MC,奶块",内蒙古 包头市
zdm9876zdmgg,A_是你毛蛋.🦄,女,我从来也没指望谁对我如初.,内蒙古 乌兰察布市
,unique_‼️,女,"👧






大冉冉",内蒙古 包头市
luyueyang123456789,A.卢月阳,女,🌴我这辈子谁也不羡慕 只羡慕我爸娶了我妈 撑起了这个家.,内蒙古 赤峰市
,如水7457,女,00,内蒙古 鄂尔多斯市
,永艳榨油,女,要自己家榨的瓜子油打电话☎️18647686496,内蒙古 赤峰市
lishifuaxxf,前旗李师傅免漆修复,男,"前旗首家汽车免喷漆凹陷修复
汽车玻璃修复  大灯翻新
地址：嘉禾小镇北门西200米
卫星:15004782004",内蒙古 巴彦淖尔市
zx15598667333,臭蛋儿！！,男,这个人很懒，什么都没有留下,内蒙古 鄂尔多斯市
,飞机吹上天,男,感谢快手为我们提供一个绿色互动平台。,内蒙古 呼和浩特市
,天天乐60418,男,农民,内蒙古 赤峰市
Z18641510476,🇨🇳飞哥哥的🇨🇳,男,希望大家给个红心,内蒙古 赤峰市
,前旗国庆（108大队）,男,a good,内蒙古 巴彦淖尔市
zzh49631963,原名赵子辉,男,私信回关,内蒙古 呼和浩特市
bilige66666,栽楞_,男,🏁🚹🚹🚹🚲🚲,内蒙古 通辽市
b2089494730,芸泽是宝贝💕,女,...,内蒙古 兴安盟
Y1906018651,.今天你爱烊烊吗_,女,"经历世界百般美好仍觉得人间不值得




qq:1906018651",内蒙古 赤峰市
lxplxplxp13,鈔票盼盼,女,不辜负自己的才是人生。,内蒙古 呼伦贝尔市
R7788766,伱的晶霸霸❗,女,东河的,内蒙古 包头市
,和最好的自己相爱,女,除了自己，都是别人,内蒙古 通辽市
jinama1210,吉满我家,女,心中有爱，爱中有天堂,内蒙古 呼和浩特市
zl1990108,『24K』青春,男,不定期搬运一些刺激战场国际服的视频，日常推送更新内容。有兴趣的可以一起玩亚服,内蒙古 乌海市
hulunbeier-com,蒸汽洗车机呼伦贝尔总公司,男,"国家提倡的节能环保，保护水资源
优沫环保蒸汽洗车机呼伦贝尔总公司
v.236389432
电13294705200
    15924125678
机会留给可以吃辛苦的人，不要放过一丝机会，否则将会被社会淘汰！
正能量传给有需要的人！",内蒙古 呼伦贝尔市
,通辽龍少,男,真爱难寻，真心难遇。零度。。。,内蒙古 通辽市
huxiaoxian88,💕- 浅溪ლ💃💃,女,"💕如果你有心事难以和身边的人诉说，你可以来陌生的我这诉说。我愿意倾听所有。

💕或许我没有经历过你所经历的，但我可以站在旁观者角度来和你聊一聊。 

💕或许我说的都是一些简单的道理，但或许对于迷茫的你来说可以打开心结。

💕诉说也是一种释放，一种解脱。

💕在这里你可以畅所欲言，也可侃大山。聊所有你想聊的话题。",内蒙古 通辽市
ws696994733,土右帅歌😊,男,感谢快手官方提供的绿色平台,内蒙古 包头市
Q2777492952,北方司机信息,男,"感谢快手好平台
点点❤️，找司机找工作加
Vx:   186 4739 5645，

呼包鄂蒙陕晋河北东北新疆。二手车信息等",内蒙古 呼和浩特市
,娄彬，娄滢，娄雪松，宝贝,女,感谢快手官方,内蒙古 锡林郭勒盟
,-成败，,男,"感谢有你们👏

               请努力让自己更出色，从能力，到容貌。      取关随后
                
热水治不了百病      情话过不了一生
你取关我随后
                乐意交友👬   👫",内蒙古 乌兰察布市
,墨痕呦✪,男,QQ：197063251       现在练习三指中,内蒙古 锡林郭勒盟
,X醉剑仙X,男,"爱过雄鹰的女人，怎么会看得上乌鸦。
见过玫瑰的男人，怎么会爱得了野花。",内蒙古 呼和浩特市
,🌿风沙飞,男,余生不将就,内蒙古 通辽市
,云峰5797,男,联系电话15924571092,内蒙古 包头市
,糖葫芦哥402,女,户外爱者,内蒙古
,领~悟168,男,这里有你喜欢的内衣欢迎进店选购，青山区富强市场一区B5号依嘉内衣,内蒙古 包头市
,鄂旗小伙,男,感谢快手官方给予我绿色平台,内蒙古 鄂尔多斯市
zhrand666,難評 .,男,无社交.,内蒙古 呼伦贝尔市
W08180626,.public.,男,🌚️,内蒙古 赤峰市
,白嫩大腿灬温柔小嘴,男,因为一个人，所以喜欢一座城～～～～～～～                                                                         .,内蒙古 鄂尔多斯市
CG877777,赤峰小蒙古🍁,男,"🌴感谢快手官方提供的平台💕每晚19:00直播！
🌴正能量段子小哥· 每晚22:00榜1点关注！
☘️Bi Mongol Huun  Nadig Nemj abarai ！
           个人小店V：2406737664
🔥     只想强大自己 /💪/ 只为了不受他人欺负。",内蒙古 赤峰市
lcl10081107-,壁☞咚,男,"宜家装饰     宜家装饰

整体大包     轻工辅料

       有装修的朋友

            请联系

              小梁

         13190972028
            
               加V

         17092254445",内蒙古 呼伦贝尔市
,mc 大漂亮,女,独处也是一种享受,内蒙古 通辽市
BT0472-88888888,德宝赛鸽,男,"现代社会更应该注重营养，健康元素必不可少！
人生没有橡皮擦，不会给你那么多重来的机会！

生活就是你可以随意的去想……
结果怎么做那不一定。

时间是个好东西他改变的不止是你能想到的……",内蒙古 包头市
,武龙H94hwlVN,男,想要将人生变得经典，需要经历无数的平凡！请别去评论别人的人生，更别笑话任何一个人！当你嘲笑我的时候，请回头看看自己是个什么🐶样,内蒙古 鄂尔多斯市
N521125X,少男🌴【教拍照】,男,"最爱快手官方🙏

作品不是本人👌

关注我带你拍照上高速😏",内蒙古 赤峰市
caowei27,༺康城小伟༻,男,🙏关注小伟没坎坷🙏前方一路小平坡🙏谢谢家人们支持🙏,内蒙古 通辽市
yzas63729955,奇迹4535,男,你身边的人曾经是我~一起牵着手看过日落~可最后你选择的人不是我……,内蒙古 呼伦贝尔市
hs178899,成昊CSHS,男,从今以后走自己的路，离开不值得的人，不去做不值得的事，调整好一切，加油！,内蒙古 赤峰市
l1979020222,风雨后得彩虹🌈,男,创业,内蒙古 锡林郭勒盟
Mongol9527,🌴九五二七^,男,－静以修身-,内蒙古 通辽市
K_2582525775,︶ㄣ嗚菈菈しovё,女,"有人说我照片和本人不一样😡😡
                我就郁闷了
拍照5分钟  p图两小时
        💄💄  又找角度，又调光
来来回回10几个APP轮流用
                  一样就白枉我的辛苦了💘💘",内蒙古 呼和浩特市
,谁家 杨胖胖   こ,女,"-

我
放
弃
了
💔",内蒙古 赤峰市
yi727630048,🐮yi个模仿不起的女人,女,感谢快手这个平台让我认识了这么多好朋友！谢谢家人们的关注和点亮谢谢👍👍🙏🙏,内蒙古 包头市
,李可爱♥miao,女,"家里有个毛孩

品种：拉布拉多  女孩  三岁

特殊技能：拆家 偷吃😄
 
有喜欢养宠物的可以相互关注哦！
品种：拉布拉多",内蒙古 通辽市
,暖心哥👍威武霸气帅,男,内蒙古，通辽市，扎鲁特旗,内蒙古
pbiaobiao666,王者荣耀彭皓沐,男,"王者荣耀单排上王者。
王者荣耀体验服（爆料）
关注我体验服新英雄，新皮肤都会第一时间知道。
关注我每天会不定时直播。",内蒙古 呼和浩特市
a251826a23232323,实话实说      .,男,有么子说么子,内蒙古 鄂尔多斯市
,似乎已经成为习惯,男,微🌟372147089,内蒙古 呼和浩特市
,余生一个小可爱！🐭,男,❤遇到一个什么都跟你分享的人    那就好好珍惜,内蒙古 呼和浩特市
zang98979695,大耳朵~铭,女,"姓名★小铭铭     


              
年龄★28 个月        



爱好★车车    车车      车车重要的事说三遍



记录宝宝成长的每一天",内蒙古 包头市
YT18704709750,🌹 宝贝丫头,女,2017年2月21号出生的宝宝              出生的时候五斤八两    本人微信925086823 快手记录生活点滴   微商不要加我谢谢,内蒙古 呼伦贝尔市
,赵文强✔,男,爱国是文明人的首要美德                                               脾气好，性子傲。吊儿郎当又爱笑。,内蒙古 通辽市
DG5201317,🔥冬⭐哥🔥,男,感谢快手官方给予绿色平台。,内蒙古 呼和浩特市
,脏话比谎话干净 😃,男,v524183789,内蒙古 兴安盟
,憨豆的逗，,男,我不直播，不要关注,内蒙古 赤峰市
,就是不上你的当！,男,"从今往后，走马观花，一心向钱，别无它念。
         未经历过的事情，凭什么评判它的价值。",内蒙古 锡林郭勒盟
lx34721666,觀音志,男,我自己可以的,内蒙古 赤峰市
QW6666669,抱走何妍.❗,男,2019 1月21🌴,内蒙古 呼伦贝尔市
ST52772577527,《石头☜》,男,贱人永远都是贱人，就算金融危机了也不值钱。,内蒙古 通辽市
baige691539063,baige565,男,我喜欢你们,内蒙古 鄂尔多斯市
,张sir>,男,时间  给了男人味道,内蒙古 呼伦贝尔市
,静38259,女,微❤号1217120194,内蒙古 兴安盟
wq416604,通辽桥北石材城,男,🙏🙏🙏🙏🙏,内蒙古 通辽市
,🚚_____，,男,非常感谢双击关注666,内蒙古 通辽市
II6666666oxox,✨会做饭的男人✨,男,"V407847615
身高180cm  体重80㎏  
爱好：爬山  游泳  压马路
职业：厨师
💎💎💎💎💎💎",内蒙古 乌兰察布市
www498912392,西安肉夹馍✌️,男,"感谢快手这个平台卫星，xian15904893556

单身
长年招聘学徒",内蒙古 呼和浩特市
zhuomameiren,仁真卓玛.卓美人,女,"澜尚国际创始人
万人tuan 队

天津姑娘在包头


⭐️每天直播时间随时随地

❤️ 18133690391（闲聊勿家）",内蒙古 包头市
jiaoxue511726,我的最后一位老师,男,"👀学习课程🌴+伟星:V2553296
🍓🍓直播课回放流程🍓🍓
快手-设置-实验室-快手课堂-我的-听课
🍹直播定点🍡
                 🌹 周五晚上09:20～初三🌹
                 🌹 周六晚上09:00～初二🌹
                 🌹 周日晚上08:00～初一🌹
👉家庭教育！学习方法!   心理咨询!",内蒙古 包头市
HD19172318,花刀将军【四哥】,男,"^O^用心制作属于自己的每一个作品^O^
          
        ☞打造花式铁板烧的完美秀☜
               
               ☞逗比风格永垂不朽☜
                
                    ☞你们的开心果☜

                         ☞四哥😄☜

每天：晚上9点到10点/中午2点到3点，直播哦老铁们！",内蒙古 通辽市
WH14372666,铁臂联盟🤗王辉,男,"感谢快手官方，提供这么好的平台

来自东北吉林!
                                        专业☞CAT®☜十年
各种工作经验！

煤矿土方拆迁！

现鄂尔多斯市东胜区，露天煤矿！

想来煤矿开车的，加微信进群，每天
更新招聘信息！   
  

30棒子啤酒🍺加微信，进群，没诚意的就当没看见吧


是狼到哪都吃肉，是犊子到哪都挨揍👍


每天不定时直播，分享各种操作技巧！",内蒙古 鄂尔多斯市
Sly19740809,《歌在飞》苏勒亚其其格,女,"感谢快手官方给予平台

艺人，苏勒亚其其格《歌在飞》《拉萨夜雨》的原唱。

快手号（sly19740809）

经纪人电话☎️:13154803800

蒙古族  歌手、演员。代表作品《歌在飞》《拉萨夜雨》《情歌飞扬》《情奴》《牡丹仙子》等。

感谢这一路走来大家对我的关心与支持，未来的日子里有你们的陪伴我会再创新高，用好听的旋律和动人的歌声来回报最美的粉丝『谢谢大家』",内蒙古 呼和浩特市
Yajie0810,夜不能寐╭♥（亚杰）,女,"余生，一个人认真走完

Vx.      

每天下午2:00直播。每晚10:00直播。

铁粉请自带马甲：XXX（亚杰）

唯一小号：da5566778899。诸多模仿，千万别上当

绝不主动加任何人微信，从不私信他人。",内蒙古 赤峰市
kaixin88888888,线上舞者,男,"本人内蒙古赤峰敖汉人，我就是一名普通的电力工人，干着不平凡的工作。

我们没有华丽段子，只记录生活的点点滴滴

希望老铁们把我的视频传播出去，让别人知道我们电力工人有多么的不容易

关注啦就不要取关：微信QQ541023707

每周，周六直播",内蒙古 赤峰市
,启东爱唱歌,男,触动灵魂的歌声从耳边掠过，不经意得擦一下我的心灵。您好我是启东！每晚六点直播间不见不散🎤 感谢支持🙏🙏                                                            ID：47300795                                                                                  感谢官方平台 多多关注😊,内蒙古 呼伦贝尔市
LHX20040416,Li  Hao  瑄.,男,"🖤QQ：2951236591

💛微信：L2951236591

💚别从别人嘴里打听我，对一百个人我有一百个样

💙W.",内蒙古 包头市
,马大哈亚亚,女,微信号gaoliya3673,内蒙古 呼伦贝尔市
qq630644,🔥乌丹🔥张仔🔥,男,"🔥感谢快手创建这个绿色交流平台❤️

🔥03年从事汽修行业，16年工龄   ❤️

🔥专业维修国产.进口轿车.越野车  ❤️

🔥唯一微信号:618907   QQ同号    ❤️

🔥业余爱好沙漠越野.改装越野车   ❤️

🔥诚交天下朋友.你来我这有酒有肉有故事❤️",内蒙古 赤峰市
jx13948402989,雪儿妆容分享,女,感谢官方大大给的每一次热门 👍感谢支持我的小仙女们给的每一次关注 。找我请+唯一VV   13948402989,内蒙古 呼伦贝尔市
scsj666888,山水间🔥盛彩空间设计,男,感谢官方提供优秀平台 ，分享优质设计案例  帮你实现美居愿望   vx   scsheji99 注明来意，每天只能加100 ，超过隔天通过 。,内蒙古 通辽市
,a雨中漫步3,女,"谢谢你这么美还关注我
感谢快手官方提供的平台，在这里结识了好多新朋友
胃❤hxj2253130791",内蒙古 赤峰市
ID634023203,电工王哥正能量,男,"感谢官方提供绿色平台，传递快手正能量。


零基础学电路，有买教材的朋友加我主页微信ZLD01344，仿真软件，",内蒙古 赤峰市
,心灵💕慧慧,女,"感谢快手官方，传递正能量。

无需你动脑，就可脑洞大开。

慧慧【表白/道歉】栏目组🔥火爆预约 ing....    
每晚8点直播+中午随缘

          ♣  hh500666  消灭痘痘💑恋爱秘籍",内蒙古 包头市
laochen0517,老陳‼️,男,"感谢官方
同款一号+laochen5921  本人在用
同款二号+17547680295 本人在用
本人只有这一个快手 其余均为假冒 谨防被骗！",内蒙古 赤峰市
you8866888,低配版绝地求生👍李贰佰,男,支持快手正能量👍低配版绝地求生➡️🐧粉丝裙985253716。                             V：15631909708,内蒙古 锡林郭勒盟
fyf04521,嗨，你的蛋糕🎂（阿飞）,男,"姓名:冯彦飞
职业:裱花师还是个段子手
老家山西大同，现居住内蒙古包头市
薇信:fyf04521w
扣扣:905884430


订蛋糕只能同城，感谢快手这个展示自我的平台！支持正能量！
在我这里不只有蛋糕，关注我不会让你们枯燥，偶尔也会发个段子讲个笑话，表演点才艺给大家，更新各种蛋糕教程，广交朋友，互相学习，不定时直播做蛋糕和玩王者荣耀(钻石星耀水平)喜欢我的视频希望大家多多分享让更多的人看到，谢谢！",内蒙古 鄂尔多斯市
cnmua0520,󠀀󠀀󠀀󠀀卡 卡,男,"整条街最靓的崽



Q.2459835709",内蒙古 鄂尔多斯市
,美厨娘..,女,微信k x 123919559,内蒙古 包头市
,小杨同志牛肉干,女,微信号:yyyy1128302,内蒙古 赤峰市
AI860706,Φχιаδ鯟苝.τ,男,低调 才是最牛B的炫耀！,内蒙古 通辽市
,王者荣耀（酒辞）,男,"留个关注

微信:qwert488627411

不要取可以吗W
每周6周5补发


一起玩

任何一条我私信我都会回

拒绝黑粉！！！！

QQ号1395890734
加Q进开黑群",内蒙古 乌兰察布市
,全能可可,女,个人目标：买个小仓鼠，给大家录视频。       目标2；٩(๑^o^๑)۶让大家开心。                          目标3：送我上一个热 门。                                  希望大家支持我一定不会辜负你谢谢大家了(*^o^*),内蒙古 包头市
,房车阿辉,男,"l have nothing to be clean and free

我一无所有！我干净自由！

感谢关注的每一位朋友！",内蒙古 包头市
Zhang1028024,丸子lvelve,女,"进来了 多看看作品 再决定留不留下
想要瘦腿袜 内衣的 猛戳👇🏻
v ❤️zhang1028024 
（男生想买给自己的老婆 女朋友）",内蒙古 赤峰市
kkk1969978440,翻斗花园五年级学生,男,"WeChat-zxk1969978440
以你作诗
半字成痴
0故 落笔迟迟💓",内蒙古 呼伦贝尔市
,你琦很ok❤,女,解释本来就是，假装顺从的抬杠                                                                通辽河西路过                                                                               卫星Q15247563960                                                  ♐1⃣5⃣2⃣4⃣7⃣5⃣6⃣3⃣9⃣6⃣0⃣,内蒙古 通辽市
PZ19940910,小颖宝儿🌙.,女,"叫我颖宝儿🌙
感谢快手官方平台🙏感恩❤️
进来的女孩全是小仙女🧚‍♀️
进来的男孩全是小公举😍
来了就点了关注再走吧❤️颖宝儿感谢🙏

颖宝儿✉️：xiaoying521114",内蒙古 呼和浩特市
z156669875,南宁沙井社会人,男,――发――唯一QQ:2148035580,内蒙古 锡林郭勒盟
YU2121520,A.九公公,女,"坐标：奈曼蒙中



QQ:2404595583



微信就算了昂





我呢，乐交净友，不交狗友。





来吧😏",内蒙古 呼和浩特市
XQ20011008,启启✨,男,"⚡人情冷暖，早已看破，时间还长，从头再来⚡






QQ1471318260
我可以锁住心，不去爱别人，可为什么却锁不住忧伤？在长长的一生里，为什么欢乐总是乍现就凋落？为什么走的最急的，都是最美的时光？",内蒙古 鄂尔多斯市
,王者荣耀恋隼（李白）,男,"感谢快手这个绿色平台让我们相遇，相互鼓励，相互支持。

QQ：3220166331",内蒙古 通辽市
linbin200316,暖男~林彬,男,"既然活着 当然要全力以赴的快乐
本人QQ号↓↓
2097188133
处对象，
互关，",内蒙古 赤峰市
ajunhouge123,美猴王→阿军,男,"感谢快手官方给予绿色平台

喜欢――唱歌，模仿

传播正能量，

让我展现自己，

能够让我们相遇

快手号ajunhouge123

不定时直播


感谢老铁们的关注与支持🙏🙏🙏",内蒙古 呼和浩特市
hh13754142252,内蒙虎哥教练,男,"感谢官方 给我这么好的平台，让我们相识
我从事驾培教练行业，在这个平台和大家一起快乐学车
我在风里雨里 虎哥在驾校等你。                感谢大家的支持
晚九点室内直播科目二教程
白天不定时室外直播科目三教程
关注你虎哥    虎哥带你上高速
🏁V
1⃣8⃣5⃣0⃣4⃣7⃣4⃣4⃣5⃣6⃣7⃣ 
想学车的请关注",内蒙古 乌兰察布市
aj565707074,口哨哥【阿杰】,男,"酷狗 酷我 QQ音乐 搜索口哨哥阿杰
《来生与你长相守》《回忆曾经让我心痛》",内蒙古 呼伦贝尔市
zz12312416,小阿震✨,男,"感谢所有好朋友的关注支持    破10000粉
                               
感谢快手这个平台！希望我的作品能带给你们快乐
付出不一定＝收获   但付出的多了一定会有收获，将来的你，一定会感谢现在奋斗的自己！！！
阿震快手号zz12312416
       风里雨里我等你……",内蒙古 呼伦贝尔市
Th-1234567,-张文博,男,"男女👔👖➕v zwb002-（本人）
（推广砸我）",内蒙古 通辽市
,梓敬【潮店】,男,"坐标通辽   

   一号店V18947526298
 
感谢🙏 美丽的你们支持，创业的道路上需要有你们同行。
感谢🙏快手官方
🗣温馨提示，谨防受骗 不要轻易相信评论区他人的回复-
     👇  👇
   精彩作品  每个作品录制不易，请给一个免费的小红心",内蒙古 通辽市
niuniu521,请叫我妞妞冲刺400W,男,"🕘每晚九点准时直播欢迎家人们回家

♥️ws6512426 有事备注，不备注不添加。

🏠居住地：内蒙古呼伦贝尔满洲里市扎赉诺尔矿区

      家里养了四个毛孩🐶妞妞 欢欢 贝尔 屎蛋 

有很多老铁问咱们家为什么养这么多狗狗 两个字 （喜欢）

本人不懂医术 也不会训犬 有此类问题的请绕行哦😯",内蒙古 呼伦贝尔市
xx898280,屯里大美特儿🔥回家吃饭,女,"😄美少女壮实89年，非单身❌
不开饭店，所有做的饭菜都是自己家吃法儿，没有什么厨艺水平。只想努力生活💪
2⃣️号唯❤️：mj8982800男士闲聊勿加‼️
婉拒一切guang告合作🙏承蒙抬爱❤️
3⃣️号维❤️：v2121676186👗
无论多忙多累多烦恼，记得回家吃饭❤️只希望你们不开心的时候多看看我段子，我们一起努力把日子过得越来越好👐
‼️从今往后 你们就是我的人啦‼️💕

感谢快手提供这么好的平台🙏
感恩所有遇见

感谢您的🔥双击＋评论🔥是我前进的动力",内蒙古 呼伦贝尔市
xiaoyan9988,爱吃🍝筱妍,女,"感谢快手官方，感谢有你关注

❤️➕yankefu4（妍客服的拼音加4)",内蒙古 呼伦贝尔市
ID618679054,风云歌手《才艺主播》,男,"感谢官方给于平台：

不定时直播
本人曾经参加过东北三省K歌大赛希望相互学习……
真心支持不zaigulibuli刷礼；船到江心自然直……",内蒙古 呼伦贝尔市
yangxiao98,AAA_杨仔（绝地求生）,男,"哈喽,你们好,我叫杨仔,承蒙厚爱❤

感谢快手官方给予一个绿色平台

精心制作每个段子,只为大家开心

团队成员搜索：AAA（绝地求生）",内蒙古 通辽市
,晨弟❗（起点🏃）,男,"没有不踏实的路🍁
只有不努力的人
也许今天拼命的你狼狈不堪。👣但不久后的你定会万丈光芒。☀
明日对于世界来说，永远是个奇迹。🐎
感谢所有支持我的人🙏🙏
QQ1391075433
姓名，张晨
中长跑🏃🏃",内蒙古 巴彦淖尔市
L010324-,耗叔叔.,男,"梦想和她@
Q2469970202
V15248206024",内蒙古 兴安盟
LYX55544,A • 你的妍哥🍒,女,"行至朝暮里  坠入暮云间  与星辉一同为你沉迷


zjl

🍒",内蒙古 包头市
shirenliang,诗人凉❗江海不渡你,男,"您好    我是诗人凉 年龄24
擅长    唱腔感情麦古风麦

荣获2018年逸雨原创另类大赛 （唱腔的王）

代表作：            
  《白色桔梗花》全网最火🔥
  《江海不渡你》全网最火🔥
  《小哥哥网恋吗》《臣退了》
  《终是李白醉了酒》《小生不才》
  《赤道留不住雪花》

🐧新群815527752（歌曲录音  江海不渡你老版）

vx：sg988888(拜师不免费 🎤 招收艺人）
写词的人流泪 听歌的人心碎",内蒙古 呼伦贝尔市
songzimeng928,追宋梓萌8条街,女,"谢谢各位的喜欢 ！耶！私信会看 会认真回复问题 
喜欢民谣



自己身上穿的 👔👟v ：Xsyc37 无🔗喔
好皮肤💄v：songzimeng928 本人 可寄拍
🐧1575181524（本人无小号 原图这里 不闲聊）",内蒙古 巴彦淖尔市
wubushe666,【五步蛇】,女,"🐂♥️ wubushe1996
🐍电子琴纯属个人爱好     非专业人士 
🐍感谢快手官方给予平台 传递正能量",内蒙古 赤峰市
Q77287728,足球一生热爱,男,"本人是足球迷和足球业余球员
我喜欢的5个球队是：
1.尤文图斯
2.利物浦
3.曼城
4.皇家马德里
5.曼联
最喜欢的5个球员是：
1.C.罗纳尔多
2.保罗.迪巴拉
3.利昂内尔.梅西
4.大卫.德赫亚
5.拉莫斯
足球一生热爱
实况Td659010822
QQ号：1562344992",内蒙古 呼和浩特市
Z88888888-z,9条·&,男,"一图一友 一人一针 一刺一生。
  V💕：17647416011（文身工作号）",内蒙古 呼和浩特市
luncunzhang,李村长、,男,"♥️                                        
笛子V ：272020900

 ‼️ 包教学，包教学，包教学（划重点）‼️

直播时间：晚8点",内蒙古 通辽市
Dp8888888888,呼伦贝尔~鹏哥,男,"内蒙古呼伦贝尔大草原海拉尔市

欢迎新来的朋友点个关注谢谢

感谢官方提供的快手平台。

每天更新视频  美景视频给大家分享

QQ或v❤252426153（粉丝10万直播）


                                                          呼伦贝尔~鹏哥",内蒙古 呼伦贝尔市
QQ924797,虎牙妹妹（情感语录）,女,"虎牙妹最近有钱，不接推广
内蒙人♥️
99年创业者🧝🏻‍♀️
🛰信：H15847645037",内蒙古 包头市
duoer1888,宇航和圆圆的小窝,女,"💓

☁️ 感谢快手官方

 👱🏻‍♂️：96年双鱼
 👧：97年摩羯

❤️2015年———至今

☁️ 分享每天甜甜的小日常♥️

☁️ 感谢你们可以喜欢我们哟💕

v❤️ yuaner201901",内蒙古 呼伦贝尔市
