﻿快手ID,昵称,性别,简介,城市
fjh621123456789,《滚》.❗️,女,"QQ：2387650169（禁止随便QQ电话、如果打给我删除好友）

看颜值回😊",海南 屯昌县
beike6667,槟榔男神 贝爷 300,男,"（牙黑黑原创）全网搞笑槟榔第一人🔥

海南屯昌农村的小伙，我想成为海南的骄傲
不忘初心
媳妇、槟榔嫂（贝爷）
感谢快手提供绿色平台、支持正能量
不主动加你、不会问你要钱、小心骗子",海南 屯昌县
,暖暖👄❀,女,爱美妆护肤的小姑娘🌸,海南 澄迈县
Mnk99999,_kk❤️ （小网红）,女,4.5❤️,海南 琼海市
,水果湘妹,女,"🛰️ 442744452
感谢官方🇨🇳传递正能量🇨🇳
所有产品 主页店铺购买⬆️
⚠️不要相信评论 ⚠️
⚠️私信的都是骗子 ⚠️
⚠️我不会主动加你们⚠️",海南 三亚市
,图匠旅拍  安琪,女,"感谢快手官方
喜欢可以找我
V+：💗131 3895 0262",海南 三亚市
Kk15881688,A时光不老べ我们不散啊,男,"🌹感谢快手给我们提供怎么好的平台🌹
🎁大家都珍惜快手给我们交流的便利🎁
🍉🍊🍎🍓🍏🍐🍋🍌🍇🍈🍒🍑🍍🍹
海南三亚生鲜水果🎓客服16689761688 
             客服 liuyundong1688
座机☎️0898-32923003
地址:海南省保亭县热带作物研究所七队031乡道",海南 三亚市
mk726565,三亚芒果管理小郑破一百万,男,"感谢快手官方，传递正能量🇨🇳

不私信任何人，以防大家上当受骗

上方小郑水果店👆

❤miankang 1314520

感谢大家的关注＋支持。",海南 三亚市
p17695147196,李panpan吖,女,"吃的苦中苦 方为人上人
V，pp2857289618",海南 三亚市
WeiTaMing1331,🌴维他命。😘,男,"水果 vx🍓 新号 199 8961 6226👈
 全网供应商首家菠萝蜜No.1 👈
私信，评论的微信，都是骗子。👈
不用发私信，直接➕vx。
早上10点左右下午4，5点左右直播。",海南 三亚市
H1131200,HovoHL,女,不接广告,海南 三亚市
,旅拍日记,男,约拍VX:shezu666,海南 三亚市
,拳王『环球旅拍』,男,感谢自己,海南 五指山市
,范师傅贴砖,男,没有做不到的造型，只有没想到的工艺！a 13697569278,海南 海口市
v88v66v22,海洋观察员🇨🇳,男,"❤️感谢快手官方提供这么好的平台❤️

为天地立心,      为生民立命,

为往圣继绝学,  为万世开太平。

本人无小号，只有这一个号发作品",海南 三亚市
liu278922,刘润斌.,男,再见.,海南
,每天更新网红收入排行,女,崇拜祁天道。每天五点准时看天道直播,海南 三亚市
,笑宝小鸭鸭,男,粉丝群  711392172,海南 琼海市
,Barbed.丫,女,"如果有一天我变了🍃
                      你们还会喜欢我吗🍃",海南 白沙黎族自治县
,micc186,女,13岁,海南 临高县
,他说、爱我💍,女,你做人不忠诚连畜牲都不如，一次不忠百次不用,海南 海口市
,满眼山河，次次是你。,男,满眼山河，次次是你。,海南
,❤妳秀最可爱😄,女,好好的学习，天天向上。,海南 昌江黎族自治县
Q2773634949-,当今社会套路太深.,女,年少无知，太早碰感情，听过情话太多，做过傻事太多，却顶不住情话,海南 陵水黎族自治县
A13697578928,烧烤烧烤😘😘,男,"喜欢听音乐

          扣:1052781492",海南 五指山市
,专属定制 手机照片做成书,女,"🌺感谢快手绿色平台  
🌺喜欢戳胃💓na187 8998 3715",海南 海口市
,9零后de☞群宝,女,"社会是有等级的，很多事不公平。别抱怨，因为没有用！想要得到就去努力✊
微信号wxq023825",海南 三亚市
,徐艺东,女,经济独立身材无敌年龄成迷,海南 海口市
w135f246s135y246-DAr,半≈月弯,男,海南黄花梨纯手工艺，糠梨油梨任君选，男士女士通通有，非诚者请勿扰。,海南 儋州市
,正在输入。。。。。。！,男,我有故事，你有酒么？,海南 琼海市
,A👄只为等一个人👄,男,"姓名:古月666

身高:      182

体重:           140",海南 三亚市
X15109843715,茜茜💔『等他』,女,"喜者留
厌者走
        处朋友，处闺密    
                    
        💜 等他💜",海南 三亚市
,无情，无奈⚡,男,我的好兄弟，飞，佳，龙，文，健，康，吾，圣，钊，俊，星，,海南 澄迈县
,鸿燕呀♡.,女,"乐东
 海口
                                      18.


       迟些遇见吧   那时你刚好成熟我刚好温柔💋",海南 乐东黎族自治县
,白茶欢264,女,"有的人
封面与内容同样高雅☺☺☺

有的人
封面与内容同样粗俗😞😞😞



有的人
封面很不起眼，
内容却精彩无比😊😊😊

有的人
外表包装得如金似玉
内心却不堪入目😖😖😖",海南 陵水黎族自治县
,💘沧海难为水💔,男,感谢快手，支持到底,海南 儋州市
yz585898,泽先生uuu,男,"γ









记录20岁的沙雕生活.",海南
,《洪👻 爷》,男,不再爱你了! 但是我想你了,海南 三亚市
LZhenyu35,·對羽著迷-,女,"-   平安喜乐

   有小芹芹",海南 琼海市
XHLJ54321,爱鸟医生《鹩哥夫人》,女,"来自御厨之乡的我有着多年从事美食行业的经验，希望借助这个平台能够相识更多喜欢切磋美食的朋友！如果想在美食行业创业的你可以和我学习交流更多的热门美食行业，能够在你创业的路上助你一臂之力！😀🤝注;[是本人发的作品，都可以纳入美食课堂讲座]谢谢各位的支持😀
  VX:LGFR66669999",海南
z234550208,拆模大队副队长,男,07届落榜生，现在从事建筑行业,海南 海口市
fxh96655,子木木✨💫,女,V,海南 海口市
XA5203344,GUGU、倾城,女,吃鸡不,海南 三亚市
aa641779274,🌹暖男拉文🌹,男,"🙏感谢快手官方大哥给予的平台！

座右铭: 我从来不和别人抢东西，属于我的谁也抢不走？能带走的都是垃圾。

一生中，有很多东西我可以错过，但是，一个人我不会错过。

如果喜欢的朋友可以关注我。


这是我唯一快手号~~别被骗。",海南 海口市
chenoo2413,若有所思u,男,翻过去，就成功了！,海南 三亚市
M1387777,M L （收藏先生）,男,"既然享受你的青春 就要接受你的任性
       

      每天持续不断+更新精彩视频
微 cc9349464",海南 三亚市
,再不畏惧,男,互粉，互粉，互粉，重要的事说三遍！,海南 海口市
,有空多睡觉、,男,😏,海南 海口市
as20942020,堂“”堂》,男,你是我生命中注定，要在一起走过风风雨雨的那一个女生吗？微信AB5209420 电话:13976513122,海南 海口市
,保亭淋可可,女,感谢快手官方这么好的一个平台，让更多好朋友认识了我，在以后的日子里，我会尽力做到最好，给身边的每一个朋友带去欢乐和惊喜，也希望大家能一如既往地关注我，支持我！,海南 保亭黎族苗族自治县
,王戏精.🐙,女,.,海南 海口市
,发發www.,女,对你不感兴趣😉         待我发發發發發發發發,海南 儋州市
clt20030420,-$biu,女,你是光芒万丈是美神在人间,海南
,简简单单的244,男,简单挖机手,海南 海口市
,多情善感，人为情疯,男,"如果有一天，你无所事事的话，请你记住还有那么一个我一直在默默着等着你，我知道我给不了你想要的那种生活，但是我可以把我所有包括幸福都给你，只要你幸福，那我这一辈子就足够了。希望那个人是你👈


微abc15298960653",海南 海口市
csks1985,财神（传奇小故事）,男,"快手不倒，真的陪你到老！
一个无才艺的80后游戏播！
财神💓cc1661972",海南 三沙市
QQ767659571,小👉翁,男,无聊！！！！,海南 临高县
,／浅末年华＼,男,谢谢亲们的关注,海南 海口市
,三亚户外.,女,"海南 三亚市
感谢快手官方平台！感谢亲们关注，陪伴是最长情的告白，爱你们哦💋💋",海南 三亚市
,宸XII,女,日常被屏蔽！！！,海南
xiaoshun078,Az的第五个季节,男,喂喂喂，我说话有声吗？,海南 儋州市
,为爱守护Uyud3znC,男,找个没有人的地方，静静,海南 澄迈县
www493529541,尊行者467,男,顺其自然，天生丽姿自然美。,海南 琼海市
TOP1015395X,沙滩美女拍摄,男,"👊谢谢每一个关注我的朋友们😝
😊我会努力做视频多多支持我👍
😃谢谢大家的点赞和支持加油😜
😂多多评论加转发谢谢大家了😘",海南 三亚市
lD980691301,谭小华840,男,一个平凡的人,海南 临高县
lzh13888888888,👿都不是什么好人👿,女,"如果关注，感谢以后支持，
如果取关，感谢曾经陪伴。
看看而已，不加任何陌生！
关于直播，看心情不定时。
🌹感🌹谢🌹快🌹手🌹",海南
Nana1993666,乌克兰:娜娜 （328）,女,"感谢快手官方，支持正能量！
感谢每次推送热门！
我是来自：乌克兰
姓名：娜娜
身高：180
体重：118
职业：模特
爱好：游泳，潜水

每天晚上10直播！
❤️❤️：Taweb1314

谢谢大家对我的支持
每天更新正能量段子， 喜欢的双击♥️➕关注哦！感谢大家的支持🙏",海南 三亚市
Shihong1983,石龙先生（三亚不热户外）,男,欢迎来到美丽三亚 超跑 游艇vip.   私人定制 接待全国小伙伴 唯18889294909,海南 三亚市
CPG03988,麒麟姐姐❣️,女,"👥她在关注你哦
感谢快手官方🙏
全靠实力才能活的精彩🌞

👗没有链接 自己🐴的同款👗🎽👖👛👟V：CPGLQ326（chuang✌️）

爱官方大大❤",海南
GTrRReir,文字控 格子兮RReir,女,"谢谢你们 长得那么帅，那么漂亮 还关注我！

梦想还是闪耀着，多少年从没退色！ 

扣扣: 1159146947 
 
微信：Rerning 1008611",海南 三亚市
STHRdadada,司徒浩然一条大狼狗!,男,"人间不值得，司徒浩然值得。

你会发现很多视频声音的原创都在这里！

每隔一段时间可能会消失去忙现实中的事，狼崽子们多谅解。

随缘直播 直播随意。更新很慢，但每一个作品都有很用心的去拍，请留下您真挚的意见。

没有小号 谨防上当受骗！不会向你们索要任何财物！

有事v：STHR112233",海南 海口市
xz1314520xk,爱罗学贞🙈（黑女团）,女,"🙈🙈🙈🙈🙈🙈

💔💔💔💔

生日:11.9

活跃的我❤❤❤❤



处关系        处…


拒绝死粉


有事加qq:927128727


🙈🙈🙈🙈🙈明人不说暗话.我喜欢你❤🙈🙈🙈🙈🙈",海南 乐东黎族自治县
ard518888,旅拍Jason,女,"感谢快手官方平台
我是一名婚纱摄影工作人员
把更多的专业带给各位
约拍+V❤:syard5188",海南 三亚市
lingkongV5,凌空威布（热歌分享）,男,"👤他在关注你哦

原视频教学找VX：2835206486
如果有机会真想尝尝负责八位数的感觉。",海南 海口市
Wang888991,爱热度旅拍_小玖,男,＋V❤：ard369,海南 三亚市
bili748326,德云💚楸某人,女,"身份:二奶奶
爱好:扇子
老家:德云社
对象:张云雷
对象的对象:杨九郎
不许在我的视频里出现魔道祖师
QQ号:3347803574
微信号:a1876423236加记得备注
💚💚💚💚💚💚💚💚💚💚💚💚",海南 海口市
TC77777777,龙公子（湖北人海岛户外）,男,"🔥来自中国🇨🇳湖北孝感

🔥目前定居🇨🇳海南三亚

🔥情感相亲交友微🌟：Mc-hzy888999

🔥接待旅游🏠别墅🚗跑车⛵️游艇24小时服务",海南 三亚市
YangXin030627,Y欣♡,女,"danshen贵族🖖
企鹅号:30729167xx
V X :xin8919xxxx",海南 万宁市
,王者荣耀野野🏅️pk王,男,"每晚直播单挑赢我有哄宝

唯一qq：927283771

单挑群：805309371  234498732

感谢每一个人的关注

交朋友私信我哦",海南 海口市
nuanfeng789,解语花枝矫朵朵🌸,男,🐧2107448671        ✨Femalel520,海南 海口市
,三亚（小八戒）户外,男,"🐷️每天不定点直播

🔥三亚第一小猪户外搭讪美女

🙏️谢谢大家的关注

🙏️希望给大家带来开心快乐

👍️👍️感谢官方平台给我小猪一次机会

🙏️感谢大家对我小猪的支持。永远爱你们哦

我小猪
vx13976840082",海南 三亚市
,海马经销,男,每日给你们更新大海作业抓鱼的视频，vx：13138966898,海南 儋州市
,旅拍可可,女,📱:ardkk888,海南 三亚市
a1044457266,旺仔小慌慌,女,"会唱歌 会跳舞 会聊天 长得好 身材棒 海南第一位五好女主播 哈哈😄
人称外号 解放西一枝花
重点是 单身可撩类

小号叫旺仔小慌慌。  大号叫 旺仔大慌慌
每晚9点到00:00直播
一根穿云箭➕VX",海南 海口市
m44443322,欢欢手绘。,男,"是一个喜欢绘画的男孩子喔。😄😤
对自己好一点……😊😊
现在还是一枚学生，加油。😤😬
自学绘画，喜欢绘画。🎨🎨
第一个扣群：951773833

微：m223991
(具体说你加我干嘛的！闲聊的请勿打扰！)",海南 三亚市
,꧁隔壁㊣老王꧂,男,买槟榔加v～18889726652,海南 三亚市
w2983344842,-生活无味🌴,女,"真开心🙁
  ̶h̶x̶w̶是̶命̶",海南 定安县
mqm1234567890,Strive๑_๑,女,"少和生命无关的人和事耗着 ٩๑
Fewer people and things that have nothing to do with life are consumed.

努力去见王俊凯 蔡徐坤๑

要努力长成一个靠自己的女孩.",海南 琼海市
wang336412,爱热度旅拍王辉,男,"我是三亚爱热度旅拍团队创始人王辉
快手：五秒特效第一萌萌萌飘纱第一人
网红拍摄：浪洋 小小茹 航哥哥 苏小雅 dj峰哥
   ❤：13138922977
胃脖：三亚爱热度全球旅拍",海南 三亚市
ABC136855227,海南鱼哥，备战4月20号,男,2019年4月20号晚上9：00大PK。铁粉加yuge3438,海南 海口市
chennuan,暖儿啊  。,女,"静静 红红 莫莫

v✨chennuan-

心里有明明💕",海南 海口市
qqlixin797200,杰哥的啊欣爷✌,女,"感谢快手官方🙏🙏我要上热门

去过的地方 南宁 深圳  香港


V信qqlixin797200（可以交朋友喔）

我想2017年8.5第一场南宁站
未爱 2018 9.8第二场深圳站

未爱二巡2019 5.18第三场长沙站

做张杰一辈子的星星",海南
Hzjzj234,旅拍-5秒特效,女,❤️：syard1234,海南 三亚市
Shihong1983,石龙先生（三亚不热户外）,男,欢迎来到美丽三亚 超跑 游艇vip.   私人定制 接待全国小伙伴 唯‭185 8957 0506‬,海南 三亚市
LG020426,男孩七屿,男,"感谢快手APP.

我的文字  你的故事.",海南 琼海市
shimianfang,失眠芳（三界第一典韦）,男,"失眠芳不缺重头再来的勇气 感谢快手官方
霸榜国服九个月没掉过 典韦最早二闪创始人 
小棉花Top2守家1v5 成名之战
快手就这一个号 其他均匀冒充不要被骗
 唯一vx  岱wsf330625 唯一🐧452415646
世人皆知狂典韦 却无人知我失眠芳
双国服榜首典韦   国服刘禅  直播教学打法
  陪我重头再来真爱粉群 653760256",海南 澄迈县
xzj5201314,妙妙超甜～🕊️✨,女,"W🍂:zmmbb131313 （接推广）

小号:mmbb1313

我超甜 🌸 ！！！",海南
XLG168178188,小梁哥吖『破30万』,男,"❤️：关注我带给你们不一样的精彩！👆☝️
❤️：XLG168178
⚠️：不要相信任何私信评论，都是骗子。我不会主动加你们。",海南 三亚市
Monster88888888,爱浪的辰七<王者语录>,男,"👤他在关注你哦

💎⑦    感谢官方！感谢关注❤

💎⑦    悟空语录

💎⑦    新群：787958565 

💎⑦    薇：CQ74420 <视频教程>

💎⑦    做个迷人的混蛋呀⛄

💎⑦    一生全靠浪！❄",海南 儋州市
guoxiaoge,阿锅家三妹 100W,男,"☄颠阿颠~一起搞笑么啰～一本正经那种～
☄晚9点30直播！AG大队到点记得回家！
☄海南儋州～航不朗村～全村人的希望！
🍒🍎🍇水果👉guoxiaoge6【果小哥6】
💫不会主动私信你们，冒充主播私信你的都是骗子！",海南 海口市
,吃播小猪猪.,女,"🌸爱生活 爱快手 爱狗子 铁子们

♥️默默支持我的人我们一起变更好

售后QQ：164832596 记住是QQ哦

主动添加或者私信你们的有可能是骗子哦
反正别相信就对了🧐",海南 海口市
haogedainihai,全村人的希望：豪哥,男,喂     papayiye120,海南 三亚市
,旅拍日记,男,约拍VX:shezu666,海南 三亚市
ai-zhuhe,娇白丁,女,"变美暴瘦暴富👉v: xiuhui1226
接受闲聊哦❤     私信一律回复",海南 儋州市
wjc1314099,户外凡美人,女,"感谢大家一路的陪伴

个人v:  dj5678321",海南 海口市
wjc203913,い啊存情感语录💔破2W,男,"感谢双击关注！感谢支持！
         🍀我的语录 、你的心声🌴
时间不会让你忘记过去
Time won't let you forget the past
                                     但是可以疗愈伤痛
                                 But it can heal the pain
请关注我或许我的文字会帮助得到你！
   ( 粉丝互动群:390038138.胃:wjc203913交友 )",海南 海口市
qingyi20171107,释清一,男,"一枚不做经忏的小僧
没事就每晚8点左右直播
感谢快手绿色平台
wx：qingyi20171107
不是佛弟子不畏因果的请不要加我，
感恩大家。",海南 海口市
