﻿快手ID,昵称,性别,简介,城市
,刺激战场甜甜带粉,女,"感谢快手官方
感谢快手app
合作v1071257346",湖北
zhoudada520ya,王者荣耀三岁沈（三国服）,女,"感谢官方给的每一次热门
国服裴擒虎❤国服榜首香香❤ 国服东皇❤
全部都是直播素材直播打的💙
一直在努力从来没有放弃过💚
Q:2284535496
带粉铁粉群  731519292❤
关注三岁沈全网最细节老虎打法❤
感谢快手官方每一个热门",湖北
,刺激战场✔清风带粉,女,热门梦,湖北
,柳哥是个红太阳☀,女,"只想做个迷人的混蛋🔥




🔥",湖北 孝感市
success233,LPL提莫资讯,女,"〖英雄联盟LOL〗快手账号🤗
商务合作：15927604861🤗
感谢快手官方提供的绿色平台🤗",湖北 武汉市
z5277666,琪琪很OK🧚‍♀️,女,"🌈感谢快手官方大大🌈


🏫就读武汉某某某大学🏫


❤️台上做戏  台下做人❤️


💯随缘主播  待我调好状态💯",湖北 武汉市
yhx952899834,【郑源】武汉歌迷协会,男,"感谢快手官方平台❤，郑源的歌声影响80、90的时代，见证了我们的青春。

他的情歌不计其数: 🎤🎤🎤《一万个理由》《当我孤独的时候还可以抱着你》《怎么会狠心伤害我》《包容》《幸福恋人》《比心更痛的眼眸》《爱情码头》……等等红遍大江南北的经典情歌。

郑源受到【我是歌手】两次邀请均被委婉拒绝，多次上央视，星光大道评委，国内最年轻的音乐教授。82年的郑源已结婚生子，家庭幸福美满。

【郑源】武汉歌迷协会  欢迎您
VX：yhx1806
QQ：952899834
感谢所有喜欢听“源”情歌的朋友🙏🙏🙏",湖北 武汉市
yihui0816,一灰🌙绝地歌基,男,即使天无雨 我亦留此地,湖北 武汉市
,画卿颜'',女,"关于junkjournal 手帐本
定制 纯手工制作👩🏻‍🌾需要的可以私我哈
vx:hqy6237  🌈
QQ:623711473  🍫",湖北 武汉市
chengjuan520,小小小娟儿呀,女,"💜 你好 我是小娟


💛 很高兴认识你


💙 晚上八点


🖤 直播间等你


❤️唯一小号  121033310",湖北 武汉市
,可可%＆,女,感谢快手官方给的每一个热门！,湖北 潜江市
HDongche,好懂车,女,老司机上路，滴～,湖北 武汉市
,Pipi痞痞,男,持续更新！！讨人喜又厌的熊孩子,湖北 武汉市
abc692315857,黄冈🔥玉妹儿^O🔥,女,"感谢官方给的每一个热门，
湖北黄冈人，在武汉做服装！
利用吃饭的时间来拍每一个小视频！我想在快手这个平台让大家看看我们大黄冈！了解我们服装行业",湖北 武汉市
,柳柳谈养生,女,"感谢快手官方平台👄🙏
感谢一路陪伴的宝宝们👄
喜欢分享健康养生给生活中忙碌的你们，愿我的分享能给你带来帮助！👄
共同探讨养生之路，欢迎加v：13871458034",湖北 武汉市
Gaofeng666666JFGSD,敢死队 教练 高峰,男,"（感谢快手官方提供平台）

微信(346321501)☎13277100777

地址  湖北襄阳宜城    

所有人的改变就是最好的证明",湖北 襄阳市
c13036148682,江城大侠（无为拳法）,男,感谢快手官方给了普通人一个自我展示才艺的机会，我会以弘扬中华传统武术精神来传播无为拳法，无为拳法的特点是内外双修老少皆宜。年轻人练可以增强武术基础增加功力，年老人练可以强身健体延年益寿。拳法讲究慢中带劲，劲中带松，松中带快，快中求静，以静制动的拳术拳理。无为拳法是以无法为有法以无限为有限的一种无为而为的武术理念，在这国泰民安全民健身的年代我特推出无为拳法供大家学习，强身健体。,湖北 武汉市
ok108108,武汉张总（送跑车）,男,"低调做人高调做事！
希望能多交些朋友！                                                           
感谢大家支持，关注我，不会错的。
每天下午2点到4点直播
每个月底直播间送车。
VX:13164168618
扣扣裙：655200513
感谢快手平台！支持正能量！",湖北 武汉市
woq1314520,是你的月月呀🌙。,男,"他在关注你。
如果你取关了，咱们热门见
感谢快手给了我一个绿色平台💚
如果盗作品的话，请艾特本人（谢谢😘）
本人男不要怀疑我是女人谢谢 ❤️

王月月很差劲💚
月月你现在还好吗？会想去我吗？

粉丝群聊号码：719584423（图片只给朋友）很高兴遇见你们❤️",湖北 襄阳市
,甜甜还挺逗🤣,女,"爱官方大大💕

    身高 158 体重110

             V❤️：tian999148

                   售后☎️：15626110185",湖北 襄阳市
,王者荣耀🔥寂静（带粉）,女,"对方已经关注了你




感谢快手官方app",湖北 荆门市
G2807678456,琴姐姐家常美食,女,"Hi～我是琴姐姐，很高兴认识你！
美食是治愈一切的利器！
让我们一起吃遍天下美食做个快乐的吃货吧！
我会每天为大家分享各种美食制作教程，有不清楚的步骤可以👇👇👇
私人小薇薇 
71960244
2807678456
每晚8点直播",湖北 武汉市
zhuzuuvae11,-挖机小王子,女,"🔥感谢快手这么好的平台🌱
🔥————————
🔥小王子属于挖机控🌱
🔥谢谢你们的喜欢🌱
🔥愿你此生明朗，赤诚善良🌱",湖北 潜江市
yangluojunxi,德记粥铺（韵瑶）,女,"我是一个来自农村的女孩，从事做粥行业已经有5年有余，有着多年的经验，不论是摆地摊或者开门面都是一个不错的选择！！

  ❤️           15507166040
  ❤️店:    y15507166353(人满)
  ❤️           

 ❤️感谢快手官方提供平台！

 ❤️感谢快手让你我相识！",湖北 荆州市
V_342661149,小强💜正家军,男,感谢快手官方大大💜只玩快手一个平台💜关注小强♥️持续提供最有用的快手创业知识♥️让我们都可以轻松玩好快手💜点上关注一起见证吧🌿🌿🌿,湖北 神农架林区
p20030506,佐助的鼬先生.,男,".



你打算什么时候来找我",湖北 随州市
q8372561314520eryqui,陈浩涵💨,男,🦈,湖北 随州市
,☞甜爷☜,女,冷暖自知,湖北
,小末（741）,男,如果爱一个人很简单那么忘记她很难,湖北 咸宁市
,金豆豆0360,女,"遇到就是一种缘，感谢快手这么好的平台！
相信努力的人，越来越好！",湖北 黄石市
yuneng416516,邋遢大王🐠🐟家霸气,男,一生只为忠与孝，今生不悔入明教！！！,湖北 武汉市
HCX1162063871,妍妍44741,女,"感谢快手绿色平台，我是妍妍妈咪。
胃星18827201232
在家带宝宝，无聊帮别人做做杂志册。",湖北 黄冈市
wsx920229,為袮^_^執著274,男,真诚交友，求互粉，喷子慎重,湖北 仙桃市
jangyan666888,火🔥火哥（看我作品）,男,老司机都关注了我,湖北 武汉市
,⛱迷途知返💫,男,我也曾经憧憬过  可后来没结果😔,湖北 黄冈市
YXX20198,湖北妹子金花,女,"感谢快手感谢官方

我是湖北十堰的打工妹",湖北 十堰市
,⁰久而久之💋,女,"下雨了，我却没有伞...
  
  ...",湖北
tz18871908858,爱{你}一生,男,有时候，你得停一下脚步，等一等心灵，让心情平和，想一想自己生活中拥有的所有美好的东西。,湖北 十堰市
,. 偷到月亮了嗎.,女,大号废了,湖北 黄冈市
f18207285675,小如来的,女,"湖北省十堰市竹山县绿松石资深商家
关注我！！！一手毛料.自家工厂.原矿绿松石.诚信经营.诚信交友.v1820 728 5675",湖北 十堰市
xiangtao258012,蛮中.,男,谢谢你的关注！,湖北 宜昌市
ydm123123,是小明呀🚀🚀🚀,男,快手记录生活！！！                                                                  丘丘2902255050,湖北 荆州市
,☜-火-☞,男,我就那B样,湖北 咸宁市
,萧琳户外直播,男,感谢官方让我上热门感谢官方让我上热门户外直播，互相涨粉互相捧场,湖北 宜昌市
,罗佳妹子,女,希望交到更多朋友！喜欢我的双击，加关注，谢谢啦！,湖北 武汉市
,陪伴才是最长情D告白,男,一生皆有命，半点不由人,湖北 武汉市
,汐月.♡,女,🐰,湖北 荆门市
Currying,驱魔 警 悹,男,我养你啊,湖北 黄冈市
,Asher➿,女,一只身高170的小姐姐,湖北
zx20010513,深拥i♡三岁,女,彼岸花，花开无叶，叶生无花，相念相惜却不得见,湖北 十堰市
ZH3128097133,User_482542227,男,每天记录自己……拼搏奋斗……，V(^_^)V凸^-^凸一个上班族……热爱运动机车慧……我的唯一微信18272067309加我聊天……讨论机车，篮球……,湖北 襄阳市
,氟西汀™,女,能接受难听的话，也会虚假的待人，这就是长大。,湖北 咸宁市
,阳宝爱笑,男,感谢快手平台记录我的生活。精彩每一天！,湖北 武汉市
,你的心意啊。,男,难过难过   难是难  终究会过,湖北 武汉市
,汤兴。,男,手艺人，只为每一位主家满意。,湖北 武汉市
,快乐一只熊,女,梦的翅膀已经受了伤，我飞不到有你的地方。,湖北 武汉市
ys15071584820,心态哥（练习）,男,"感谢快手官方给予这么好的平台！！！
驾考家园模拟创始人！喜欢的给个关注！
感谢官方给的每一个热门，认真做好每一个视频！坚持发原创作品！
支持快手正能量，热爱音乐🎵王者荣耀球球大作战！
感谢支持！感谢陪伴！❤️❤️❤️",湖北 十堰市
ljy727902,Be   Change,男,选择性互关,湖北 黄冈市
a112014782,时光↖↗,男,得不到的付出，要懂得适可而止！别打扰了别人，也伤害了自己,湖北 襄阳市
jiao3034153268,卑微小娇✌,女,"扣扣:3034153268

vx:jiao3034153268

只爱学习❤️",湖北 荆门市
LK625625,做事先做人（互粉）,男,"宝宝的每一天
性感小光头",湖北 恩施土家族苗族自治州
lizhenhai13657259792,佛度三生，魔毁三世。,男,"做开心的自己，处对象，交知心。
可以开黑打王者荣耀虽然很菜，但我会尽力打好
QQ:1176256658大号
QQ:631734105",湖北 武汉市
wyz131472508,翡翠卡😄🌿,女,最美的那个它在等最合适的你，Vx mm1973112,湖北 荆门市
,💅💋风之泪,女,感谢你的关注,湖北 黄石市
,天  玉,男,认真生活   天天向上,湖北 十堰市
min92517359,皮皮時光机,男,人生是一部自导自演的壮丽的悲喜剧！,湖北 武汉市
,只怪自己么本事灬,男,感谢陪伴,湖北 宜昌市
henwan19730609,💖恨晚哥哥💘,女,那怕你只是个过客，感谢你曾经来过，走时给个关注，方便联系你,湖北 武汉市
,梦回大唐1212,男,珠宝奢侈品加工定制 jewelcad freeform zbrush 建模,湖北 荆州市
,王青8892,男,流浪,湖北 襄阳市
,彼此恋爱的约定,男,只想平平淡淡的爱情，幸福的生活,湖北 武汉市
abc75165415388,逆战三百回合091,男,😝,湖北 十堰市
wang520zhu520,请妳愛絲我,女,没有期待 也没有惊喜,湖北 黄冈市
,豪豪❤。,女,感谢快手官方给我们着个平台,湖北 武汉市
Wsl13997756410,农村瓦房（守护曉曉）,男,"农村的孩子农村的娃、喜欢给个免费的爱心、 

偶尔直播、进来都进来了就双击了在走


🙏感谢快手官方平台和所有的老铁和支持",湖北 恩施土家族苗族自治州
,夜猫子（权限已开通）,男,"不忘初心       方得始终


如果取关    请慎重考虑，我曾经是否给你带来快乐！


备注来意）
     

感谢快手给我们带来一个记录美好回忆的平台！",湖北 武汉市
a123456789,搬砖小伟,男,"你只看到我的薪水
却没有看到我的汗水
你有你的空调房
我有我的日光浴
你否定我的成绩
我决定我的付出
你嘲笑我肮脏苦累、不配高薪
我可怜你不懂付出
你可以轻视我的存在
我会证明我自己的价值
搬砖注定是辛苦的工作
路上少不了质疑和嘲笑
但那又怎样、哪怕再苦再累
我也无怨无悔……",湖北 黄石市
,这颗不安的心[冠+正军],男,"喜欢和爱不一样，当你喜欢一朵花你就会摘它，当你爱一朵花你就会为它浇水。

影视会员爱奇艺，腾讯，优酷，芒果，搜狐，乐视等十六平台付费电影电视剧一个卡包全年会员VX:1937398352",湖北 武汉市
hly00355,丿Dark丨灬淡然,男,活着本来就不容易，何必让自己更累呢？无论有钱没钱，开心最重要。,湖北 襄阳市
luoyonggen520,迈克杰克罗,男,独自去偷欢,湖北 恩施土家族苗族自治州
,我爱你（诺诺）1314,男,爱怕了，不敢再爱了，还是那句话你若敢爱，命都是你的！！！,湖北 宜昌市
,Anthony·wang,男,分享好歌。,湖北 襄阳市
,❤  A+C私人发套订制-刘洋,男,唱歌  看电影，玩游戏,湖北 黄石市
shanpao66,山炮炮炮炮炮❗️,男,1557139819💨,湖北 黄冈市
N15826626032,小蜜蜂^0^哥啊,男,下雨了，窗外滴滴答答响个不停,湖北 荆州市
zlj16888888,摄像师龙少,男,"我的微信是zhang668038,希望交更多真诚的朋友",湖北 武汉市
Sun1114120912,情怀  🔥【5297】,男,"感谢快手官方

春风十里，也不如你的一个双击和关注

“聚散总是无常 人生别来无恙” ​ ​​​                         

路星河的一百次求婚抵不过余淮的一句“我来晚了”          

吴柏松的三年陪伴抵不过江辰的一句“陈小希，我们和好吧”

越长大越孤单
生活就是这样",湖北 襄阳市
,✨爱抓娃娃的小小✨,女,"感谢快手官方！
喜欢抓娃娃，坐标武汉！
娃娃多，低jia甩！（蒙奇奇、比伯特价）
v❤：beicywork",湖北 武汉市
,胖子爱穿裙子,女,"爱笑，爱哭，任性，这就是我
以前我喜欢谁就对谁好，现在谁对我好我就喜欢谁
感谢快手官方让我可以每天看到新事物，大开眼界
😊：XUAN132141",湖北 荆门市
qq10143969,-新疆大电、,男,一眼万年,湖北 襄阳市
,道家军晨光,男,诚信交友，不拉帮，不结派，做好自己。你对我真，我会加倍奉上，你对我假，我会微笑着转身离开，缘分是前世休来的，感谢快手官方平台，陪我们一起快乐成长，余生很短，适度慢行，为梦想起航。电话18671197884,湖北 十堰市
,爱做书的萱萱妈妈,女,为爱成书，用册子记录所有美好回忆，各种皂片都可定制，需要一定可以V我p158 9763 0097（备注来意通过）,湖北 随州市
bo6349811,無九天,男,无,湖北 武汉市
LMZ891179,向錢奮鬥168,男,有人利用本平台发家致富，我利用平台回忆过去…出生大山里的80后在千里之外打拼，（希望遇到有缘人）,湖北 孝感市
,290414841,男,"不抽烟      不喝酒       不打牌
为什么搞不到钱$_$……",湖北 襄阳市
,桃之夭夭〆,女,着我汉家衣裳 兴我礼仪之邦,湖北 宜昌市
dt13554303848,武汉🔥鳝哥（户外）,男,"老铁门大家好。本人是打小喜欢摸鱼抓虾。感谢快手提供这个绿色正能量的平台。可以陪大家一起玩户外抓鳝扣鳝。每天不定时开启户外直播。钓鳝扣鳝。撒网。抽水抓鱼。希望老贴们喜欢。感谢支持。你有你的天，你有你的地，我有我的老铁才能顶天又立地。小号。。武汉鳝嫂


微信....whsg66668888",湖北 武汉市
hui235115,珍姐18,女,z  如果你想卖衣服但是没有货源可以找我，加微  16655079868,湖北 武汉市
guai5201,丹宝儿.💋💋,女,"年龄:97年，看着着急，没办法😄
   小号ID :dandan 1557

情感:单身
直播时间:中午:10:30-14:00
                晚上:20:00:00–1:00
 
如果可以我想做你的傲娇小公主👑，
任性的生活🙃",湖北 襄阳市
L-2928503935,娟娟本人！,女,"感谢快手官方给予这个平台💛
变美💄➕YFFLJ123  创业一年 现居武汉
美食自媒体 时尚达人 旅游达人 招呆🍐噢！带入创业❗️❗️
冲6月份去迪拜！",湖北 恩施土家族苗族自治州
Hello_33,没有酸菜,女,"你想吃糖就尝尝我吧
v：Xssan1（廋）",湖北
,_涵涵☁,女,"感谢官方大大 表白官方大大💕

感谢小宝贝们的关注💕

生活很好 记得开心💕

个人📡：18696400423 （自带备注）

J肥 S脸 m白 Z钱💰更多变美好物（本人亲测）
还可免费领取自制J肥食谱

不要轻易相信陌生人的评论和私信❗❗❗

关注涵涵 涵涵教你变美哟！

一起努力变美 加油💪💪",湖北 武汉市
yshwzdhxhn,奈 良：,男,q./2467227075,湖北
wq992831,茶乡清妹,女,感谢快手平台让你我相识，真诚相待，以茶会友，加微微：qmnbvy，☎️：13625992831（薇同号）（不闲聊）,湖北 荆州市
hongyezi,王者荣耀红叶子（女声优）,女,"非常感谢快手官方给予的正能量平台   支持快手!
                      

所有作品都是本人原声录制!   从来不用变声器的一枚调皮小姐姐吖

本命英雄辅助大乔🌟
（每晚九点直播）周六周日晚11点唱歌哄睡觉

🐧👗783883032
支持快手APP 👍         感谢官方🏆

支持原创👍",湖北 随州市
gjiuer1998,小九儿儿儿儿儿,女,"💙
你好
叫九儿 98.
先天性的哦
可不可以不要错过我
qq2387384236
微❤️:gujiuer-",湖北 武汉市
zt13235550879,养蜂生涯6,男,感谢快手官方平台！【我不会主动私信 添加任何人】感谢支持我的朋友，路过一定记得双击哦﻿！关注养蜂生涯关注我胃❤   y5628f,湖北 仙桃市
f03062019,同心团.子祥 破1w！,男,"努力不一定成功💜
   但放弃注定失败💛
     感谢你遇到那么好的我💙
   每天晚上八点直播感谢老铁收看🍳
    vx:Fzxiang 0306    欢迎加入同心团粉丝群",湖北 黄石市
,AA娃娃。。。,女,感谢官网给予平台。谢朋友们的支持，加v不后悔。我是做服装批发的，咱家朋友圈所有新款图都有标价。每天都会更新新款千千万万。只有新的最好看。信任我可以加我微❤ 号，13733589574，不要相信他们。防止上当受骗。谢谢每一位朋友,湖北 十堰市
Kl0803520,🖤林子大人吖🖤,女,"✔️：xyl19990803（工作）

每天下午5.30更新❤",湖北 襄阳市
KillerSweet-,航锅锅来啦（恒哥）,男,"感谢官方给的所有热门❤️

保持初心不变 我自己就是伯乐✨

唯一小号：Hangguoguo1❕

老大：泡不到恒哥的：❕",湖北 武汉市
F1454713493,方琛💛,男,"Q群号：1003707757 （已满）💛
网易☁️ ：是方琛咯_ （暂时还没歌哦不过快了）💛
全民🎤 ： 是你的琛哥_ 💛
微博：是你的琛哥_💛
喜欢薛之谦💛
不喜欢我得话 就不要找存在感了哦^_^ 💛",湖北 武汉市
wh15586661106,依旧浩娃儿🔥,男,"团队招女孩，有意者联系




vx:wh15586661106
                                                   🐧:2723581090",湖北 恩施土家族苗族自治州
zzz2019520,小蘑菇（服装设计师）,女,"🍀我是一名服装专业设计师，在努力的路上奋斗！ 
🌺后面会出很多我们设计的款式给大家。开直播。
🍀欢迎咨询 👗
         ＋胃❤   xmg202077

🌺超级感谢你 关注我。
🌺有问题问我，必回你。",湖北 武汉市
kerenting1999,可人婷💛,女,"ʕ·͡ˑ·ཻʔ♥︎感谢快手官方提供平台

V❤：           1534966358


我脸上用哒这里找我👆👆👆不要信评论

这里是可人婷 一个内双的小姐姐
很珍惜每一位仙女的关注💁爱你们
你是我的心头一热 也是我的不动声色",湖北 武汉市
,🇨🇳👉秦王👈抓鳝,男,"v15926784588不与勾心斗角的小人为伍。
不与坑害粉丝人互关。
最恨那些卖抓鳝鱼神药的骗子。
相信我的朋友记住一点抓鳝鱼蚯蚓饵最好。
请不要在私信和评论上问问题没时间一一回
儿时就喜欢抓鳝鱼。",湖北 黄冈市
,＠宝贝甜,女,Vx: yifu3311    我是卖衣服鞋子的，闲聊勿扰！,湖北 恩施土家族苗族自治州
,陌客街访,女,"新潮热点 访你所想
专注街头采访的走心栏目，无剧本安排，最真实的素人回复，期待遇到最有趣、最有梗的你。

栏目持续日更中！
让我看看是谁这么可爱帅气还关注我～

VX：mokejiefang666    mokejiefang888",湖北 武汉市
LQSHANGX,淡语（带粉）冲20W,男,"619战队职业选手⭐（四年老玩家）

关注淡语，还你三年经典💔
                                                     
唯一扣扣：3312285980（陪聊天）（接合作）

球球ID：快手淡语直播中（处队友）（带团）

铁粉群：837082805（免费测试服）

大号艾特小号：@淡语直播号 （带粉）",湖北 黄石市
,叶子小姐姐XS🔅,女,"感谢快手官方🥰🥰

谢谢宝宝们支持与关注❤️❤️❤️

找w🔅:yz751521315🖤

该奋斗的年龄  不要安逸  🖤",湖北 襄阳市
Yimuhuahui,一木花卉园艺,男,"养花看一木就好啦！😋
公众VX:一木花卉",湖北 武汉市
Chenyi666666,Chen毅（初心）💙,男,"🌐支持快手   感谢快手

全网第一情感直播间 凌晨12点治愈系小哥哥陪你

当你经历的多了 便知道好脾气是怎么来的了

当你的野心撑不起你的梦想时. 请你静下心来学习

Qq:   2264750133 （经常陪你们聊天✌️）

🛰️cai妆💄：ky2264750133（全天在线）

私V❤️：chenyi00929（备注+）",湖北
Kyy10100,卡卡−,女,"wb :Kkaka_y
记录生活",湖北 武汉市
,小徐很忙⛅️,女,👤 NO signal,湖北 黄冈市
ningmeng2018666,♒️木子℡,女,"🌱快手绿色平台    感谢官方大大


🌱想变美➕V：15826887514


🌱只是因为喜欢所以分享给大家",湖北 仙桃市
okqiaqia,王恰恰_,女,"〰️





笑一笑 没有什么事情大不了·

👟👔：gosummer99",湖北
jy147258159,溪城吉哥,男,"支持快手正能量

广交天下真朋友

七四年离异单身

主V:yj147258159",湖北 十堰市
MCqinghua520,超丧的小贤-👦,男,"👤他在关注你哦


  QQ：1455530323 （推广+拿图）
    
           
         发文字 表达心情


直播随缘🙈",湖北 武汉市
guadenglong,十堰行者,男,我喜欢手语，但我不是聋哑人。我还是徒步和骑行爱好者，我的微信号:guadenglong,湖北 十堰市
,Mc壞小孩,男,"互粉有关必回：微信zzf15997643968                

👣👣👣👣👣👣👣",湖北 宜昌市
fff2000126,了不起的fanfan,女,"感谢快手这一平台
喜欢的话就关注一下
卫星rrll0126",湖北 襄阳市
lkxLKXcjj,国产大祖宗.,女,"qq3307447897
稀罕你宝贝：
                       李小楠❤️",湖北 荆门市
fbds4555545565555-ed,你归我好啦~梦雪💖,女,🙆她正在关注你                              🍀关注了就不要取消吖~🍡梦雪爱你们呐~♡ 梦雪正在努力中...❤️余生请多指教😉🙏 谢谢！😊💎独尊师傅:月牙吖~   本人不收徒                       🐾俺迷你号:431045908偶滴QQ:3598693694       主页很干净🍬,湖北 宜昌市
,User_579547829,男,V❤️675509663,湖北 武汉市
v775658597,时机（近悟-）,男,"谢谢平台，很高兴和大家一起玩拍摄，记录自己和他人一起的时光……

    真实的人会有直播，我的直播间因时间而异。
谢谢各友支持。

vx:anhui1314258

微信公众号/尘虚阁
      。。。
一起成长
    传播健康知识，传播正能量知识，传播中医医学文化。
诚信互赞，有爱知感恩……🙏🙏🙏🙏🙏🙏🙏🙏🙏🙏🙏🙏👀👀👀👣",湖北 武汉市
D02H620F,༺ཌHད༻,男,"做不到所有人都喜欢     不如做好原来的自己
QQ.2928238861
WX.HF2002620",湖北 武汉市
,欢欢乐乐_MT,女,"初来乍到，感谢关注
                               仅此一个快手号
                       ☀️分享快乐，见证成长☀️
                             V博：欢欢乐乐_MT
                            ❤️越努力越幸运❤️
                                   短视频自学",湖北 武汉市
ZMZ5FHD2ZDF0,进江茗鱼塘吗.,女,"她在关注你哦

☁师：柒玖

☁投稿／推广／q544169852",湖北
X201942w520,🍃探食者记✌️,女,"民以食为天，热爱美食的我要做美食界的搬运工啦，带你穿越各个大街小巷，寻味N种特色小吃，刺激你的味蕾，喜欢我的小伙伴们一定要给我个双击➕关注，因为我值得你拥有，感谢支持，每天更新作品敬请期待✌️✌️✌️......
🍃感谢官方大大给的热门🌈",湖北 武汉市
hongyezi,王者荣耀红叶子（女声优）,女,"非常感谢快手官方给予的正能量平台   支持快手!
                      

所有作品都是本人原声录制!   从来不用变声器的一枚调皮小姐姐吖

本命英雄辅助大乔🌟
（每晚九点直播）周六周日晚11点唱歌哄睡觉

🐧👗783883032
支持快手APP 👍         感谢官方🏆

支持原创👍",湖北 随州市
Boer0817,没有肉不开心,女,"护月夫：shehuiyu518（本人自用备注来意）🔥动
👀瞳：15327335049
🛒👟：LIKEBOER8


🐧：1950524357好多人侵犯我肖像权",湖北 咸宁市
dt13554303848,武汉🔥鳝哥（户外）,男,"老铁门大家好。本人是打小喜欢摸鱼抓虾。感谢快手提供这个绿色正能量的平台。可以陪大家一起玩户外抓鳝扣鳝。每天不定时开启户外直播。钓鳝扣鳝。撒网。抽水抓鱼。希望老贴们喜欢。感谢支持。你有你的天，你有你的地，我有我的老铁才能顶天又立地。小号。。武汉鳝嫂


微信....whsg66668888",湖北 武汉市
MCqinghua520,超丧的小贤-👦,男,"👤他在关注你哦


  QQ：1455530323 （推广+拿图）
    
           
         发文字 表达心情


直播随缘🙈",湖北 武汉市
okqiaqia,王恰恰_,女,"〰️





笑一笑 没有什么事情大不了·

👟👔：gosummer99",湖北
,小羊❤姐姐,女,"🌻谢谢你们这一路的关注和支持！
🌻想变美、创业来我❤xiaoyang190217
🌻每晚7点半直播教化妆做古装造型",湖北 随州市
XL888FFF,爱化妆的💕琳妹妹,女,"感谢快手提供平台 我爱快手就像我爱化妆一样💕
脸上用的🌟➕flfhz13628

靠自己生活
灵魂都是安宁的😘",湖北 荆州市
,大唐杨雪,女,"感谢快手官方平台，给我机会！

☔️1号VX:yxc1534220765
曾经的失败没什么可怕，往后的生活才是最精彩
人生中如果没有经历过酸甜苦辣谈何人生！
喜欢我的宝宝👶可以留下你的关注参与我的人生改变🙏🙏🙏",湖北 武汉市
,Mr.Pea逗逗先生,男,"BBC金牌节目制作人；
憨豆先生唯一钦定模仿者；
原创英式幽默短剧。",湖北 武汉市
Hello_33,没有酸菜,女,"你想吃糖就尝尝我吧
v：Xssan1（廋）",湖北
,护士（龚青）,女,"每晚8：00直播    

beautiful  angel",湖北 襄阳市
,龚十一❤️,女,"只有这一个号
微博：龚十一
合作vx:gongshiyi11
喜欢我就来找我玩儿～
问各种🔗去wb呀",湖北 武汉市
jiangmengjiao,街拍穿搭❗️,女,"感谢官方提供绿色交友平台。
             
      不一样的街拍，约拍请私
                    👉喜欢➕关注👈   全网知名供应商
👟👔👚👜📱⌚️👖 v：13997935484（二号店）客服效率",湖北 武汉市
,山神946,男,感谢官方给的平台，结交更多的盆友。电话vX13597810308，湖北省恩施州建始县花坪镇鸡公岭飞拉达,湖北 恩施土家族苗族自治州
,QIAN/-$,女,v :sqysqn,湖北 武汉市
,羊小咩穿搭,女,"感谢快手官方平台
初来乍到，请多多给热门哦
关注我的人都变更漂亮啦
 loves7766",湖北 武汉市
AXZ666666,Miss艾【情感博主】,男,"所有的运气都会藏在善良里.

年龄17  身高176  体重115 （单身一枚)

风光落魄我都认.

聊天投稿q:2060424923",湖北
Calm1997,长腿一月,女,微博:Calm一月 分享日常喜欢音乐舞蹈💗,湖北 武汉市
V-393373220,＠欢哥笑语,男,"感谢官方大大给的每一个热门

若有作品侵权请联系本人删掉   谢谢🙏

人生就像走山路 何尝不是走一步看一步
如果作品给你带来开心 那便是我的愿望
感谢一路支持与陪伴……

创叶V❤️: 393373220",湖北 武汉市
tianrou888,月亮湾路亚-李添肉,男,"路亚，出发！
v  x :mjjdt01",湖北 武汉市
,幺幺吖❄️,女,"大号直播ID:ss525733

我是个农村长大的女孩，单身！

结交有缘人，我希望有一天我嫁给你的时候，是因为爱情💓，而不是因为将就❤️",湖北
,哦^_^耶,女,"期待你的出现
V❤ 333887",湖北 荆门市
GL199579,画界悟空（收学员）,男,"打造最好的网络绘画培训班！！💪
（招生）👉微❤️huajiewukong66扣裙722686662",湖北 宜昌市
guai5201,丹宝儿.💋💋,女,"年龄:97年，看着着急，没办法😄
   小号ID :dandan 1557

情感:单身
直播时间:中午:10:30-14:00
                晚上:20:00:00–1:00
 
如果可以我想做你的傲娇小公主👑，
任性的生活🙃",湖北 襄阳市
weiandchao,没回就是在放牛,女,"要给自己买花，也要自己长大。
vx   gzw8855214",湖北 咸宁市
gdcf19981203,广东肠粉虎子冲刺10万,男,"👤他在关注你哦
尊老爱幼 👴👦
中国传统美德
请不要诋毁老年群体
学习➕了解➕
♈️💚gdcf2019888",湖北 武汉市
Krystal_0711,吃不吃米,女,"原图在微博 微博同名
👀 ：maoge-con01 (日韩进口",湖北 孝感市
boge6666,博哥✨王者荣耀单挑创始人,男,"1V1单挑赛创始人

国服孙悟空 国服百里玄策

快手游戏主播第一个突破百万粉丝

直播时间  （中午11点   晚上8点）

工作室商务合作V：BG888A （招募主播）",湖北 武汉市
Jing9221023,二静的悠🌈,女,"❤️ 感谢快手官方


本人 jing5499787

❤️河南嫁到湖北
❤️有个女儿，怀孕二胎中
❤️脾气时好时爆，说话直，喜欢我的关注我哦
❤️围脖🧣二静呀911",湖北 恩施土家族苗族自治州
